fecha,n_empleados,n_clientes,nota_faena
2022-01-01,6,107,personal suficiente
2022-01-02,6,82,personal sin hacer nada
2022-01-03,3,32,personal suficiente
2022-01-04,3,39,personal sin hacer nada
2022-01-05,6,33,personal suficiente
2022-01-06,6,58,personal sin hacer nada
2022-01-07,5,76,personal ocupado
2022-01-08,7,81,personal sin hacer nada
2022-01-09,6,81,personal suficiente
2022-01-10,0,0,restaurante cerrado
2022-01-11,0,0,restaurante cerrado
2022-01-12,6,37,personal sin hacer nada
2022-01-13,4,56,personal sin hacer nada
2022-01-14,6,66,personal sin hacer nada
2022-01-15,8,87,personal sin hacer nada
2022-01-16,6,71,personal sin hacer nada
2022-01-17,0,0,restaurante cerrado
2022-01-18,0,0,restaurante cerrado
2022-01-19,5,32,personal sin hacer nada
2022-01-20,6,47,personal sin hacer nada
2022-01-21,6,55,personal sin hacer nada
2022-01-22,8,91,personal sin hacer nada
2022-01-23,7,68,personal suficiente
2022-01-24,0,0,restaurante cerrado
2022-01-25,0,0,restaurante cerrado
2022-01-26,6,34,personal sin hacer nada
2022-01-27,4,43,personal sin hacer nada
2022-01-28,6,108,personal ocupado
2022-01-29,6,67,personal sin hacer nada
2022-01-30,7,104,personal sin hacer nada
2022-01-31,0,0,restaurante cerrado
2022-02-01,0,0,restaurante cerrado
2022-02-02,5,44,personal sin hacer nada
2022-02-03,3,51,personal ocupado
2022-02-04,4,76,personal ocupado
2022-02-05,7,128,personal suficiente
2022-02-06,6,97,personal ocupado
2022-02-07,0,0,restaurante cerrado
2022-02-08,0,0,restaurante cerrado
2022-02-09,3,39,personal sin hacer nada
2022-02-10,4,49,personal suficiente
2022-02-11,6,64,personal suficiente
2022-02-12,7,97,personal suficiente
2022-02-13,6,110,personal ocupado
2022-02-14,0,0,restaurante cerrado
2022-02-15,0,0,restaurante cerrado
2022-02-16,3,39,personal sin hacer nada
2022-02-17,4,56,personal suficiente
2022-02-18,5,69,personal suficiente
2022-02-19,6,117,personal ocupado
2022-02-20,8,75,personal suficiente
2022-02-21,0,0,restaurante cerrado
2022-02-22,0,0,restaurante cerrado
2022-02-23,6,44,personal suficiente
2022-02-24,6,55,personal sin hacer nada
2022-02-25,5,94,personal ocupado
2022-02-26,7,163,personal suficiente
2022-02-27,6,98,personal ocupado
2022-02-28,0,0,restaurante cerrado
2022-03-01,0,0,restaurante cerrado
2022-03-02,5,53,personal sin hacer nada
2022-03-03,6,41,personal sin hacer nada
2022-03-04,4,88,personal ocupado
2022-03-05,6,113,personal ocupado
2022-03-06,7,94,personal suficiente
2022-03-07,0,0,restaurante cerrado
2022-03-08,0,0,restaurante cerrado
2022-03-09,6,48,personal sin hacer nada
2022-03-10,6,68,personal sin hacer nada
2022-03-11,6,81,personal sin hacer nada
2022-03-12,6,86,personal suficiente
2022-03-13,8,115,personal sin hacer nada
2022-03-14,0,0,restaurante cerrado
2022-03-15,0,0,restaurante cerrado
2022-03-16,6,46,personal suficiente
2022-03-17,5,66,personal sin hacer nada
2022-03-18,3,85,falta de personal
2022-03-19,8,125,personal ocupado
2022-03-20,8,96,personal sin hacer nada
2022-03-21,0,0,restaurante cerrado
2022-03-22,0,0,restaurante cerrado
2022-03-23,4,38,personal sin hacer nada
2022-03-24,5,60,personal sin hacer nada
2022-03-25,3,114,falta de personal
2022-03-26,7,128,personal ocupado
2022-03-27,7,131,personal ocupado
2022-03-28,0,0,restaurante cerrado
2022-03-29,0,0,restaurante cerrado
2022-03-30,3,57,personal ocupado
2022-03-31,3,62,personal ocupado
2022-04-01,6,81,personal suficiente
2022-04-02,8,104,personal suficiente
2022-04-03,6,75,personal suficiente
2022-04-04,0,0,restaurante cerrado
2022-04-05,0,0,restaurante cerrado
2022-04-06,3,43,personal sin hacer nada
2022-04-07,5,64,personal sin hacer nada
2022-04-08,6,90,personal ocupado
2022-04-09,8,136,personal ocupado
2022-04-10,8,160,personal ocupado
2022-04-11,6,60,personal suficiente
2022-04-12,7,73,personal sin hacer nada
2022-04-13,6,51,personal sin hacer nada
2022-04-14,7,102,personal suficiente
2022-04-15,5,167,personal ocupado
2022-04-16,8,156,personal suficiente
2022-04-17,8,160,personal ocupado
2022-04-18,7,71,personal sin hacer nada
2022-04-19,6,59,personal sin hacer nada
2022-04-20,7,56,personal sin hacer nada
2022-04-21,7,79,personal sin hacer nada
2022-04-22,6,70,personal suficiente
2022-04-23,7,201,personal ocupado
2022-04-24,6,139,personal ocupado
2022-04-25,0,0,restaurante cerrado
2022-04-26,0,0,restaurante cerrado
2022-04-27,6,38,personal suficiente
2022-04-28,4,51,personal suficiente
2022-04-29,3,97,falta de personal
2022-04-30,8,109,personal suficiente
2022-05-01,6,128,personal suficiente
2022-05-02,7,49,personal sin hacer nada
2022-05-03,0,0,restaurante cerrado
2022-05-04,6,49,personal sin hacer nada
2022-05-05,6,80,personal suficiente
2022-05-06,4,100,personal ocupado
2022-05-07,6,216,falta de personal
2022-05-08,8,154,personal suficiente
2022-05-09,0,0,restaurante cerrado
2022-05-10,0,0,restaurante cerrado
2022-05-11,5,50,personal sin hacer nada
2022-05-12,6,71,personal suficiente
2022-05-13,4,126,personal ocupado
2022-05-14,8,199,falta de personal
2022-05-15,7,100,personal suficiente
2022-05-16,0,0,restaurante cerrado
2022-05-17,0,0,restaurante cerrado
2022-05-18,4,49,personal sin hacer nada
2022-05-19,6,76,personal sin hacer nada
2022-05-20,6,94,personal ocupado
2022-05-21,8,153,personal ocupado
2022-05-22,7,161,personal ocupado
2022-05-23,0,0,restaurante cerrado
2022-05-24,0,0,restaurante cerrado
2022-05-25,5,54,personal sin hacer nada
2022-05-26,3,95,falta de personal
2022-05-27,5,107,personal ocupado
2022-05-28,6,249,personal ocupado
2022-05-29,6,129,personal ocupado
2022-05-30,0,0,restaurante cerrado
2022-05-31,0,0,restaurante cerrado
2022-06-01,3,61,personal ocupado
2022-06-02,4,80,personal ocupado
2022-06-03,4,123,falta de personal
2022-06-04,7,135,personal ocupado
2022-06-05,6,161,falta de personal
2022-06-06,0,0,restaurante cerrado
2022-06-07,0,0,restaurante cerrado
2022-06-08,3,61,personal suficiente
2022-06-09,5,102,personal ocupado
2022-06-10,6,114,personal ocupado
2022-06-11,6,115,personal suficiente
2022-06-12,6,127,personal ocupado
2022-06-13,0,0,restaurante cerrado
2022-06-14,0,0,restaurante cerrado
2022-06-15,6,38,personal sin hacer nada
2022-06-16,4,60,personal suficiente
2022-06-17,6,96,personal suficiente
2022-06-18,7,110,personal ocupado
2022-06-19,6,131,personal ocupado
2022-06-20,0,0,restaurante cerrado
2022-06-21,0,0,restaurante cerrado
2022-06-22,6,52,personal sin hacer nada
2022-06-23,6,69,personal sin hacer nada
2022-06-24,6,112,personal suficiente
2022-06-25,7,170,personal ocupado
2022-06-26,7,156,personal ocupado
2022-06-27,0,0,restaurante cerrado
2022-06-28,0,0,restaurante cerrado
2022-06-29,4,43,personal suficiente
2022-06-30,4,93,personal suficiente
2022-07-01,6,114,personal ocupado
2022-07-02,8,129,personal suficiente
2022-07-03,7,129,personal ocupado
2022-07-04,0,0,restaurante cerrado
2022-07-05,0,0,restaurante cerrado
2022-07-06,3,60,personal suficiente
2022-07-07,3,70,personal ocupado
2022-07-08,4,113,falta de personal
2022-07-09,7,123,personal ocupado
2022-07-10,6,120,personal suficiente
2022-07-11,0,0,restaurante cerrado
2022-07-12,0,0,restaurante cerrado
2022-07-13,4,38,personal sin hacer nada
2022-07-14,5,59,personal suficiente
2022-07-15,4,87,personal ocupado
2022-07-16,8,143,personal ocupado
2022-07-17,6,98,personal suficiente
2022-07-18,0,0,restaurante cerrado
2022-07-19,0,0,restaurante cerrado
2022-07-20,3,54,personal ocupado
2022-07-21,6,82,personal sin hacer nada
2022-07-22,3,86,falta de personal
2022-07-23,7,155,personal ocupado
2022-07-24,7,122,personal suficiente
2022-07-25,0,0,restaurante cerrado
2022-07-26,0,0,restaurante cerrado
2022-07-27,5,38,personal suficiente
2022-07-28,5,72,personal sin hacer nada
2022-07-29,3,101,personal ocupado
2022-07-30,6,107,personal ocupado
2022-07-31,6,126,personal ocupado
2022-08-01,0,0,restaurante cerrado
2022-08-02,0,0,restaurante cerrado
2022-08-03,0,0,restaurante cerrado
2022-08-04,0,0,restaurante cerrado
2022-08-05,0,0,restaurante cerrado
2022-08-06,0,0,restaurante cerrado
2022-08-07,0,0,restaurante cerrado
2022-08-08,0,0,restaurante cerrado
2022-08-09,0,0,restaurante cerrado
2022-08-10,0,0,restaurante cerrado
2022-08-11,0,0,restaurante cerrado
2022-08-12,0,0,restaurante cerrado
2022-08-13,0,0,restaurante cerrado
2022-08-14,0,0,restaurante cerrado
2022-08-15,0,0,restaurante cerrado
2022-08-16,0,0,restaurante cerrado
2022-08-17,0,0,restaurante cerrado
2022-08-18,0,0,restaurante cerrado
2022-08-19,0,0,restaurante cerrado
2022-08-20,0,0,restaurante cerrado
2022-08-21,0,0,restaurante cerrado
2022-08-22,0,0,restaurante cerrado
2022-08-23,0,0,restaurante cerrado
2022-08-24,0,0,restaurante cerrado
2022-08-25,0,0,restaurante cerrado
2022-08-26,0,0,restaurante cerrado
2022-08-27,0,0,restaurante cerrado
2022-08-28,0,0,restaurante cerrado
2022-08-29,0,0,restaurante cerrado
2022-08-30,0,0,restaurante cerrado
2022-08-31,0,0,restaurante cerrado
2022-09-01,6,59,personal sin hacer nada
2022-09-02,6,101,personal ocupado
2022-09-03,7,165,personal suficiente
2022-09-04,7,126,personal ocupado
2022-09-05,0,0,restaurante cerrado
2022-09-06,0,0,restaurante cerrado
2022-09-07,3,46,personal suficiente
2022-09-08,5,91,personal ocupado
2022-09-09,5,104,personal ocupado
2022-09-10,7,182,falta de personal
2022-09-11,6,111,personal suficiente
2022-09-12,0,0,restaurante cerrado
2022-09-13,0,0,restaurante cerrado
2022-09-14,4,57,personal suficiente
2022-09-15,5,78,personal suficiente
2022-09-16,5,93,personal ocupado
2022-09-17,7,118,personal suficiente
2022-09-18,8,119,personal sin hacer nada
2022-09-19,0,0,restaurante cerrado
2022-09-20,0,0,restaurante cerrado
2022-09-21,3,40,personal sin hacer nada
2022-09-22,3,66,personal suficiente
2022-09-23,6,118,personal ocupado
2022-09-24,6,124,personal suficiente
2022-09-25,6,125,personal ocupado
2022-09-26,0,0,restaurante cerrado
2022-09-27,0,0,restaurante cerrado
2022-09-28,3,53,personal suficiente
2022-09-29,6,64,personal suficiente
2022-09-30,4,92,personal suficiente
2022-10-01,7,150,personal ocupado
2022-10-02,8,128,personal ocupado
2022-10-03,0,0,restaurante cerrado
2022-10-04,0,0,restaurante cerrado
2022-10-05,3,61,personal suficiente
2022-10-06,4,70,personal ocupado
2022-10-07,4,107,falta de personal
2022-10-08,8,160,personal ocupado
2022-10-09,7,96,personal sin hacer nada
2022-10-10,0,0,restaurante cerrado
2022-10-11,0,0,restaurante cerrado
2022-10-12,7,82,personal sin hacer nada
2022-10-13,4,74,personal ocupado
2022-10-14,3,106,personal ocupado
2022-10-15,6,141,personal ocupado
2022-10-16,6,137,personal suficiente
2022-10-17,0,0,restaurante cerrado
2022-10-18,0,0,restaurante cerrado
2022-10-19,3,56,personal suficiente
2022-10-20,6,77,personal sin hacer nada
2022-10-21,5,96,personal ocupado
2022-10-22,6,152,personal ocupado
2022-10-23,7,117,personal ocupado
2022-10-24,0,0,restaurante cerrado
2022-10-25,0,0,restaurante cerrado
2022-10-26,3,78,falta de personal
2022-10-27,4,74,personal ocupado
2022-10-28,3,98,falta de personal
2022-10-29,7,164,personal ocupado
2022-10-30,8,105,personal sin hacer nada
2022-10-31,0,0,restaurante cerrado
2022-11-01,7,73,personal sin hacer nada
2022-11-02,6,47,personal suficiente
2022-11-03,6,61,personal sin hacer nada
2022-11-04,6,104,personal ocupado
2022-11-05,6,165,falta de personal
2022-11-06,8,113,personal sin hacer nada
2022-11-07,0,0,restaurante cerrado
2022-11-08,0,0,restaurante cerrado
2022-11-09,4,59,personal sin hacer nada
2022-11-10,6,76,personal sin hacer nada
2022-11-11,3,76,falta de personal
2022-11-12,6,136,personal ocupado
2022-11-13,8,102,personal suficiente
2022-11-14,0,0,restaurante cerrado
2022-11-15,0,0,restaurante cerrado
2022-11-16,4,40,personal sin hacer nada
2022-11-17,3,88,falta de personal
2022-11-18,5,89,personal suficiente
2022-11-19,6,94,personal suficiente
2022-11-20,7,74,personal sin hacer nada
2022-11-21,0,0,restaurante cerrado
2022-11-22,0,0,restaurante cerrado
2022-11-23,5,49,personal suficiente
2022-11-24,5,67,personal sin hacer nada
2022-11-25,4,110,personal ocupado
2022-11-26,6,136,personal ocupado
2022-11-27,7,72,personal suficiente
2022-11-28,0,0,restaurante cerrado
2022-11-29,0,0,restaurante cerrado
2022-11-30,3,42,personal suficiente
2022-12-01,3,93,falta de personal
2022-12-02,5,102,personal ocupado
2022-12-03,8,166,personal ocupado
2022-12-04,7,100,personal suficiente
2022-12-05,0,0,restaurante cerrado
2022-12-06,7,89,personal suficiente
2022-12-07,4,56,personal sin hacer nada
2022-12-08,5,48,personal sin hacer nada
2022-12-09,6,102,personal suficiente
2022-12-10,8,126,personal ocupado
2022-12-11,7,94,personal sin hacer nada
2022-12-12,0,0,restaurante cerrado
2022-12-13,0,0,restaurante cerrado
2022-12-14,3,43,personal sin hacer nada
2022-12-15,6,104,personal ocupado
2022-12-16,6,116,personal suficiente
2022-12-17,6,171,falta de personal
2022-12-18,8,119,personal sin hacer nada
2022-12-19,0,0,restaurante cerrado
2022-12-20,0,0,restaurante cerrado
2022-12-21,6,48,personal sin hacer nada
2022-12-22,5,95,personal ocupado
2022-12-23,5,114,personal ocupado
2022-12-24,7,177,personal ocupado
2022-12-25,0,0,restaurante cerrado
2022-12-26,0,0,restaurante cerrado
2022-12-27,0,0,restaurante cerrado
2022-12-28,6,61,personal sin hacer nada
2022-12-29,6,102,personal ocupado
2022-12-30,5,110,personal ocupado
2022-12-31,7,156,personal ocupado
2023-01-01,8,128,personal ocupado
2023-01-02,3,31,personal suficiente
2023-01-03,3,36,personal sin hacer nada
2023-01-04,3,40,personal sin hacer nada
2023-01-05,3,60,personal ocupado
2023-01-06,7,89,personal sin hacer nada
2023-01-07,8,94,personal suficiente
2023-01-08,8,94,personal suficiente
2023-01-09,0,0,restaurante cerrado
2023-01-10,0,0,restaurante cerrado
2023-01-11,3,37,personal sin hacer nada
2023-01-12,3,67,personal ocupado
2023-01-13,5,88,personal ocupado
2023-01-14,8,129,personal ocupado
2023-01-15,8,92,personal sin hacer nada
2023-01-16,0,0,restaurante cerrado
2023-01-17,0,0,restaurante cerrado
2023-01-18,4,32,personal sin hacer nada
2023-01-19,3,50,personal suficiente
2023-01-20,4,95,personal suficiente
2023-01-21,8,112,personal suficiente
2023-01-22,7,114,personal ocupado
2023-01-23,0,0,restaurante cerrado
2023-01-24,0,0,restaurante cerrado
2023-01-25,3,43,personal sin hacer nada
2023-01-26,6,50,personal sin hacer nada
2023-01-27,4,66,personal ocupado
2023-01-28,8,84,personal sin hacer nada
2023-01-29,6,89,personal sin hacer nada
2023-01-30,0,0,restaurante cerrado
2023-01-31,0,0,restaurante cerrado
2023-02-01,4,36,personal suficiente
2023-02-02,3,56,personal ocupado
2023-02-03,4,89,personal suficiente
2023-02-04,6,109,personal ocupado
2023-02-05,7,88,personal suficiente
2023-02-06,0,0,restaurante cerrado
2023-02-07,0,0,restaurante cerrado
2023-02-08,4,40,personal sin hacer nada
2023-02-09,5,69,personal suficiente
2023-02-10,5,98,personal ocupado
2023-02-11,8,128,personal ocupado
2023-02-12,7,59,personal suficiente
2023-02-13,0,0,restaurante cerrado
2023-02-14,0,0,restaurante cerrado
2023-02-15,6,42,personal suficiente
2023-02-16,3,68,personal ocupado
2023-02-17,3,70,personal suficiente
2023-02-18,8,105,personal suficiente
2023-02-19,6,83,personal sin hacer nada
2023-02-20,0,0,restaurante cerrado
2023-02-21,0,0,restaurante cerrado
2023-02-22,5,37,personal sin hacer nada
2023-02-23,6,42,personal sin hacer nada
2023-02-24,3,68,personal ocupado
2023-02-25,7,133,personal ocupado
2023-02-26,6,73,personal sin hacer nada
2023-02-27,0,0,restaurante cerrado
2023-02-28,0,0,restaurante cerrado
2023-03-01,5,68,personal suficiente
2023-03-02,6,44,personal suficiente
2023-03-03,5,81,personal ocupado
2023-03-04,6,97,personal ocupado
2023-03-05,6,65,personal sin hacer nada
2023-03-06,0,0,restaurante cerrado
2023-03-07,0,0,restaurante cerrado
2023-03-08,4,38,personal suficiente
2023-03-09,3,67,personal ocupado
2023-03-10,4,87,personal ocupado
2023-03-11,6,139,personal suficiente
2023-03-12,7,92,personal suficiente
2023-03-13,0,0,restaurante cerrado
2023-03-14,0,0,restaurante cerrado
2023-03-15,5,51,personal suficiente
2023-03-16,5,65,personal suficiente
2023-03-17,4,111,personal ocupado
2023-03-18,8,152,personal ocupado
2023-03-19,7,97,personal suficiente
2023-03-20,0,0,restaurante cerrado
2023-03-21,0,0,restaurante cerrado
2023-03-22,4,49,personal sin hacer nada
2023-03-23,6,75,personal sin hacer nada
2023-03-24,3,83,falta de personal
2023-03-25,7,139,personal ocupado
2023-03-26,7,97,personal sin hacer nada
2023-03-27,0,0,restaurante cerrado
2023-03-28,0,0,restaurante cerrado
2023-03-29,4,57,personal sin hacer nada
2023-03-30,4,61,personal ocupado
2023-03-31,5,99,personal ocupado
2023-04-01,7,147,personal ocupado
2023-04-02,7,148,personal suficiente
2023-04-03,6,50,personal sin hacer nada
2023-04-04,6,71,personal sin hacer nada
2023-04-05,6,54,personal sin hacer nada
2023-04-06,6,125,personal suficiente
2023-04-07,6,125,personal ocupado
2023-04-08,6,223,falta de personal
2023-04-09,8,129,personal suficiente
2023-04-10,7,61,personal sin hacer nada
2023-04-11,7,58,personal sin hacer nada
2023-04-12,7,71,personal sin hacer nada
2023-04-13,7,74,personal sin hacer nada
2023-04-14,7,118,personal ocupado
2023-04-15,6,193,falta de personal
2023-04-16,7,130,personal ocupado
2023-04-17,0,0,restaurante cerrado
2023-04-18,0,0,restaurante cerrado
2023-04-19,5,62,personal sin hacer nada
2023-04-20,4,79,personal ocupado
2023-04-21,3,116,falta de personal
2023-04-22,6,134,personal suficiente
2023-04-23,7,125,personal ocupado
2023-04-24,0,0,restaurante cerrado
2023-04-25,0,0,restaurante cerrado
2023-04-26,5,65,personal sin hacer nada
2023-04-27,6,80,personal sin hacer nada
2023-04-28,6,102,personal suficiente
2023-04-29,7,162,personal suficiente
2023-04-30,7,115,personal suficiente
2023-05-01,5,71,personal suficiente
2023-05-02,7,73,personal suficiente
2023-05-03,3,51,personal ocupado
2023-05-04,5,84,personal suficiente
2023-05-05,5,116,personal ocupado
2023-05-06,6,137,personal ocupado
2023-05-07,7,125,personal suficiente
2023-05-08,0,0,restaurante cerrado
2023-05-09,0,0,restaurante cerrado
2023-05-10,4,77,personal ocupado
2023-05-11,4,77,personal ocupado
2023-05-12,3,112,falta de personal
2023-05-13,8,176,personal ocupado
2023-05-14,7,145,personal ocupado
2023-05-15,0,0,restaurante cerrado
2023-05-16,0,0,restaurante cerrado
2023-05-17,3,51,personal ocupado
2023-05-18,5,100,personal ocupado
2023-05-19,6,122,personal ocupado
2023-05-20,8,157,personal ocupado
2023-05-21,8,144,personal suficiente
2023-05-22,0,0,restaurante cerrado
2023-05-23,0,0,restaurante cerrado
2023-05-24,6,59,personal sin hacer nada
2023-05-25,3,54,personal suficiente
2023-05-26,5,117,personal suficiente
2023-05-27,6,112,personal suficiente
2023-05-28,6,149,personal ocupado
2023-05-29,0,0,restaurante cerrado
2023-05-30,0,0,restaurante cerrado
2023-05-31,5,64,personal sin hacer nada
2023-06-01,6,69,personal sin hacer nada
2023-06-02,5,113,personal ocupado
2023-06-03,6,178,falta de personal
2023-06-04,7,121,personal suficiente
2023-06-05,0,0,restaurante cerrado
2023-06-06,0,0,restaurante cerrado
2023-06-07,6,62,personal suficiente
2023-06-08,6,83,personal suficiente
2023-06-09,6,155,personal ocupado
2023-06-10,8,233,personal ocupado
2023-06-11,7,132,personal ocupado
2023-06-12,0,0,restaurante cerrado
2023-06-13,0,0,restaurante cerrado
2023-06-14,3,64,personal suficiente
2023-06-15,5,83,personal suficiente
2023-06-16,6,95,personal ocupado
2023-06-17,6,199,personal ocupado
2023-06-18,6,131,personal ocupado
2023-06-19,0,0,restaurante cerrado
2023-06-20,0,0,restaurante cerrado
2023-06-21,5,52,personal sin hacer nada
2023-06-22,6,99,personal ocupado
2023-06-23,4,116,personal ocupado
2023-06-24,8,152,personal ocupado
2023-06-25,7,88,personal sin hacer nada
2023-06-26,0,0,restaurante cerrado
2023-06-27,0,0,restaurante cerrado
2023-06-28,3,51,personal suficiente
2023-06-29,4,64,personal suficiente
2023-06-30,4,110,falta de personal
2023-07-01,8,196,falta de personal
2023-07-02,7,137,personal ocupado
2023-07-03,0,0,restaurante cerrado
2023-07-04,0,0,restaurante cerrado
2023-07-05,3,56,personal ocupado
2023-07-06,6,89,personal sin hacer nada
2023-07-07,3,146,falta de personal
2023-07-08,6,165,falta de personal
2023-07-09,8,134,personal suficiente
2023-07-10,0,0,restaurante cerrado
2023-07-11,0,0,restaurante cerrado
2023-07-12,5,59,personal suficiente
2023-07-13,5,68,personal sin hacer nada
2023-07-14,6,116,personal ocupado
2023-07-15,8,163,personal suficiente
2023-07-16,6,102,personal suficiente
2023-07-17,0,0,restaurante cerrado
2023-07-18,0,0,restaurante cerrado
2023-07-19,3,59,personal suficiente
2023-07-20,3,83,falta de personal
2023-07-21,3,80,falta de personal
2023-07-22,7,205,falta de personal
2023-07-23,6,142,personal ocupado
2023-07-24,0,0,restaurante cerrado
2023-07-25,0,0,restaurante cerrado
2023-07-26,6,69,personal sin hacer nada
2023-07-27,5,69,personal sin hacer nada
2023-07-28,3,116,falta de personal
2023-07-29,6,144,falta de personal
2023-07-30,8,105,personal sin hacer nada
2023-07-31,0,0,restaurante cerrado
2023-08-01,0,0,restaurante cerrado
2023-08-02,0,0,restaurante cerrado
2023-08-03,0,0,restaurante cerrado
2023-08-04,0,0,restaurante cerrado
2023-08-05,0,0,restaurante cerrado
2023-08-06,0,0,restaurante cerrado
2023-08-07,0,0,restaurante cerrado
2023-08-08,0,0,restaurante cerrado
2023-08-09,0,0,restaurante cerrado
2023-08-10,0,0,restaurante cerrado
2023-08-11,0,0,restaurante cerrado
2023-08-12,0,0,restaurante cerrado
2023-08-13,0,0,restaurante cerrado
2023-08-14,0,0,restaurante cerrado
2023-08-15,0,0,restaurante cerrado
2023-08-16,0,0,restaurante cerrado
2023-08-17,0,0,restaurante cerrado
2023-08-18,0,0,restaurante cerrado
2023-08-19,0,0,restaurante cerrado
2023-08-20,0,0,restaurante cerrado
2023-08-21,0,0,restaurante cerrado
2023-08-22,0,0,restaurante cerrado
2023-08-23,0,0,restaurante cerrado
2023-08-24,0,0,restaurante cerrado
2023-08-25,0,0,restaurante cerrado
2023-08-26,0,0,restaurante cerrado
2023-08-27,0,0,restaurante cerrado
2023-08-28,0,0,restaurante cerrado
2023-08-29,0,0,restaurante cerrado
2023-08-30,0,0,restaurante cerrado
2023-08-31,0,0,restaurante cerrado
2023-09-01,4,108,falta de personal
2023-09-02,6,51,personal sin hacer nada
2023-09-03,6,51,personal sin hacer nada
2023-09-04,0,0,restaurante cerrado
2023-09-05,0,0,restaurante cerrado
2023-09-06,6,40,personal sin hacer nada
2023-09-07,5,69,personal sin hacer nada
2023-09-08,5,100,personal ocupado
2023-09-09,7,129,personal ocupado
2023-09-10,7,90,personal suficiente
2023-09-11,0,0,restaurante cerrado
2023-09-12,0,0,restaurante cerrado
2023-09-13,5,55,personal sin hacer nada
2023-09-14,6,62,personal sin hacer nada
2023-09-15,5,75,personal suficiente
2023-09-16,7,123,personal ocupado
2023-09-17,8,100,personal sin hacer nada
2023-09-18,0,0,restaurante cerrado
2023-09-19,0,0,restaurante cerrado
2023-09-20,4,45,personal suficiente
2023-09-21,4,77,personal suficiente
2023-09-22,5,92,personal ocupado
2023-09-23,6,135,personal ocupado
2023-09-24,7,146,personal suficiente
2023-09-25,0,0,restaurante cerrado
2023-09-26,0,0,restaurante cerrado
2023-09-27,4,49,personal sin hacer nada
2023-09-28,4,65,personal suficiente
2023-09-29,5,102,personal ocupado
2023-09-30,7,129,personal ocupado
2023-10-01,6,111,personal suficiente
2023-10-02,0,0,restaurante cerrado
2023-10-03,0,0,restaurante cerrado
2023-10-04,4,48,personal sin hacer nada
2023-10-05,6,73,personal sin hacer nada
2023-10-06,6,90,personal ocupado
2023-10-07,8,131,personal ocupado
2023-10-08,7,132,personal ocupado
2023-10-09,0,0,restaurante cerrado
2023-10-10,0,0,restaurante cerrado
2023-10-11,6,58,personal sin hacer nada
2023-10-12,7,104,personal sin hacer nada
2023-10-13,5,99,personal ocupado
2023-10-14,6,174,falta de personal
2023-10-15,7,159,personal ocupado
2023-10-16,0,0,restaurante cerrado
2023-10-17,0,0,restaurante cerrado
2023-10-18,6,42,personal sin hacer nada
2023-10-19,6,39,personal sin hacer nada
2023-10-20,6,108,personal ocupado
2023-10-21,7,182,falta de personal
2023-10-22,6,47,personal sin hacer nada
2023-10-23,0,0,restaurante cerrado
2023-10-24,0,0,restaurante cerrado
2023-10-25,3,51,personal suficiente
2023-10-26,4,67,personal suficiente
2023-10-27,5,73,personal suficiente
2023-10-28,6,155,personal ocupado
2023-10-29,8,108,personal sin hacer nada
2023-10-30,0,0,restaurante cerrado
2023-10-31,0,0,restaurante cerrado
2023-11-01,5,41,personal sin hacer nada
2023-11-02,3,38,personal sin hacer nada
2023-11-03,5,112,personal suficiente
2023-11-04,6,132,personal ocupado
2023-11-05,8,133,personal suficiente
2023-11-06,0,0,restaurante cerrado
2023-11-07,0,0,restaurante cerrado
2023-11-08,3,36,personal sin hacer nada
2023-11-09,5,69,personal suficiente
2023-11-10,6,94,personal suficiente
2023-11-11,8,175,personal ocupado
2023-11-12,7,144,personal suficiente
2023-11-13,0,0,restaurante cerrado
2023-11-14,0,0,restaurante cerrado
2023-11-15,4,46,personal suficiente
2023-11-16,4,67,personal ocupado
2023-11-17,6,89,personal sin hacer nada
2023-11-18,8,142,personal suficiente
2023-11-19,7,130,personal ocupado
2023-11-20,0,0,restaurante cerrado
2023-11-21,0,0,restaurante cerrado
2023-11-22,5,47,personal sin hacer nada
2023-11-23,5,67,personal sin hacer nada
2023-11-24,3,64,personal suficiente
2023-11-25,8,144,personal suficiente
2023-11-26,6,104,personal ocupado
2023-11-27,0,0,restaurante cerrado
2023-11-28,0,0,restaurante cerrado
2023-11-29,3,47,personal ocupado
2023-11-30,4,31,personal suficiente
2023-12-01,5,130,falta de personal
2023-12-02,7,196,personal ocupado
2023-12-03,6,108,personal ocupado
2023-12-04,0,0,restaurante cerrado
2023-12-05,0,0,restaurante cerrado
2023-12-06,6,57,personal sin hacer nada
2023-12-07,5,49,personal sin hacer nada
2023-12-08,5,105,personal ocupado
2023-12-09,6,141,personal ocupado
2023-12-10,8,145,personal suficiente
2023-12-11,0,0,restaurante cerrado
2023-12-12,0,0,restaurante cerrado
2023-12-13,3,55,personal ocupado
2023-12-14,4,78,personal ocupado
2023-12-15,6,108,personal ocupado
2023-12-16,6,141,personal suficiente
2023-12-17,7,117,personal ocupado
2023-12-18,0,0,restaurante cerrado
2023-12-19,0,0,restaurante cerrado
2023-12-20,5,57,personal sin hacer nada
2023-12-21,4,55,personal sin hacer nada
2023-12-22,4,121,personal ocupado
2023-12-23,8,116,personal sin hacer nada
2023-12-24,8,121,personal ocupado
2023-12-25,0,0,restaurante cerrado
2023-12-26,0,0,restaurante cerrado
2023-12-27,5,50,personal sin hacer nada
2023-12-28,6,73,personal sin hacer nada
2023-12-29,3,131,falta de personal
2023-12-30,6,146,falta de personal
2023-12-31,8,118,personal sin hacer nada
2024-01-01,7,61,personal suficiente
2024-01-02,3,37,personal sin hacer nada
2024-01-03,3,53,personal ocupado
2024-01-04,5,75,personal ocupado
2024-01-05,5,80,personal ocupado
2024-01-06,7,129,personal ocupado
2024-01-07,7,75,personal sin hacer nada
2024-01-08,0,0,restaurante cerrado
2024-01-09,0,0,restaurante cerrado
2024-01-10,4,48,personal sin hacer nada
2024-01-11,4,52,personal sin hacer nada
2024-01-12,6,61,personal sin hacer nada
2024-01-13,7,87,personal sin hacer nada
2024-01-14,7,74,personal sin hacer nada
2024-01-15,0,0,restaurante cerrado
2024-01-16,0,0,restaurante cerrado
2024-01-17,3,46,personal ocupado
2024-01-18,6,53,personal suficiente
2024-01-19,5,52,personal sin hacer nada
2024-01-20,7,95,personal sin hacer nada
2024-01-21,6,99,personal suficiente
2024-01-22,0,0,restaurante cerrado
2024-01-23,0,0,restaurante cerrado
2024-01-24,5,40,personal suficiente
2024-01-25,3,60,personal ocupado
2024-01-26,6,97,personal ocupado
2024-01-27,8,192,falta de personal
2024-01-28,8,126,personal ocupado
2024-01-29,0,0,restaurante cerrado
2024-01-30,0,0,restaurante cerrado
2024-01-31,4,38,personal suficiente
2024-02-01,3,67,personal ocupado
2024-02-02,3,90,falta de personal
2024-02-03,8,138,personal ocupado
2024-02-04,8,102,personal sin hacer nada
2024-02-05,0,0,restaurante cerrado
2024-02-06,0,0,restaurante cerrado
2024-02-07,3,41,personal suficiente
2024-02-08,3,57,personal ocupado
2024-02-09,5,99,personal ocupado
2024-02-10,6,127,personal ocupado
2024-02-11,7,79,personal sin hacer nada
2024-02-12,0,0,restaurante cerrado
2024-02-13,0,0,restaurante cerrado
2024-02-14,3,57,personal ocupado
2024-02-15,6,69,personal suficiente
2024-02-16,4,106,falta de personal
2024-02-17,7,91,personal sin hacer nada
2024-02-18,8,111,personal suficiente
2024-02-19,0,0,restaurante cerrado
2024-02-20,0,0,restaurante cerrado
2024-02-21,3,37,personal sin hacer nada
2024-02-22,4,60,personal ocupado
2024-02-23,6,75,personal suficiente
2024-02-24,6,144,falta de personal
2024-02-25,7,96,personal sin hacer nada
2024-02-26,0,0,restaurante cerrado
2024-02-27,0,0,restaurante cerrado
2024-02-28,3,45,personal ocupado
2024-02-29,6,37,personal suficiente
2024-03-01,4,96,falta de personal
2024-03-02,6,100,personal ocupado
2024-03-03,8,96,personal sin hacer nada
2024-03-04,0,0,restaurante cerrado
2024-03-05,0,0,restaurante cerrado
2024-03-06,5,46,personal sin hacer nada
2024-03-07,4,45,personal sin hacer nada
2024-03-08,5,72,personal sin hacer nada
2024-03-09,8,138,personal ocupado
2024-03-10,6,144,personal ocupado
2024-03-11,0,0,restaurante cerrado
2024-03-12,0,0,restaurante cerrado
2024-03-13,5,47,personal sin hacer nada
2024-03-14,4,53,personal sin hacer nada
2024-03-15,4,93,personal ocupado
2024-03-16,8,155,personal suficiente
2024-03-17,8,109,personal sin hacer nada
2024-03-18,0,0,restaurante cerrado
2024-03-19,0,0,restaurante cerrado
2024-03-20,6,50,personal sin hacer nada
2024-03-21,5,90,personal suficiente
2024-03-22,3,80,falta de personal
2024-03-23,7,148,personal ocupado
2024-03-24,7,142,personal ocupado
2024-03-25,6,38,personal suficiente
2024-03-26,7,53,personal sin hacer nada
2024-03-27,6,46,personal sin hacer nada
2024-03-28,7,62,personal sin hacer nada
2024-03-29,6,101,personal ocupado
2024-03-30,7,154,personal suficiente
2024-03-31,7,113,personal ocupado
2024-04-01,7,57,personal sin hacer nada
2024-04-02,6,58,personal sin hacer nada
2024-04-03,6,51,personal suficiente
2024-04-04,6,115,personal ocupado
2024-04-05,7,112,personal suficiente
2024-04-06,8,212,personal ocupado
2024-04-07,7,180,falta de personal
2024-04-08,0,0,restaurante cerrado
2024-04-09,0,0,restaurante cerrado
2024-04-10,5,55,personal sin hacer nada
2024-04-11,5,78,personal ocupado
2024-04-12,6,109,personal ocupado
2024-04-13,7,156,personal ocupado
2024-04-14,8,98,personal sin hacer nada
2024-04-15,0,0,restaurante cerrado
2024-04-16,0,0,restaurante cerrado
2024-04-17,6,46,personal sin hacer nada
2024-04-18,6,70,personal sin hacer nada
2024-04-19,5,87,personal suficiente
2024-04-20,8,175,personal ocupado
2024-04-21,7,161,personal suficiente
2024-04-22,0,0,restaurante cerrado
2024-04-23,0,0,restaurante cerrado
2024-04-24,3,47,personal suficiente
2024-04-25,4,76,personal ocupado
2024-04-26,5,130,falta de personal
2024-04-27,8,132,personal ocupado
2024-04-28,7,125,personal ocupado
2024-04-29,0,0,restaurante cerrado
2024-04-30,0,0,restaurante cerrado
2024-05-01,7,59,personal sin hacer nada
2024-05-02,7,57,personal sin hacer nada
2024-05-03,3,114,personal ocupado
2024-05-04,8,130,personal ocupado
2024-05-05,7,148,personal ocupado
2024-05-06,0,0,restaurante cerrado
2024-05-07,0,0,restaurante cerrado
2024-05-08,5,78,personal ocupado
2024-05-09,6,81,personal suficiente
2024-05-10,5,95,personal suficiente
2024-05-11,7,157,personal ocupado
2024-05-12,6,185,falta de personal
2024-05-13,0,0,restaurante cerrado
2024-05-14,0,0,restaurante cerrado
2024-05-15,3,58,personal suficiente
2024-05-16,3,70,personal ocupado
2024-05-17,3,88,falta de personal
2024-05-18,7,275,falta de personal
2024-05-19,8,183,personal ocupado
2024-05-20,0,0,restaurante cerrado
2024-05-21,0,0,restaurante cerrado
2024-05-22,5,54,personal sin hacer nada
2024-05-23,5,71,personal sin hacer nada
2024-05-24,3,118,personal ocupado
2024-05-25,8,142,personal suficiente
2024-05-26,6,145,falta de personal
2024-05-27,0,0,restaurante cerrado
2024-05-28,0,0,restaurante cerrado
2024-05-29,5,57,personal suficiente
2024-05-30,3,69,personal suficiente
2024-05-31,5,117,personal ocupado
2024-06-01,6,167,falta de personal
2024-06-02,8,155,personal ocupado
2024-06-03,0,0,restaurante cerrado
2024-06-04,0,0,restaurante cerrado
2024-06-05,4,70,personal ocupado
2024-06-06,4,64,personal suficiente
2024-06-07,5,94,personal ocupado
2024-06-08,7,157,personal ocupado
2024-06-09,7,131,personal ocupado
2024-06-10,0,0,restaurante cerrado
2024-06-11,0,0,restaurante cerrado
2024-06-12,5,59,personal sin hacer nada
2024-06-13,4,83,personal suficiente
2024-06-14,5,187,personal ocupado
2024-06-15,7,217,falta de personal
2024-06-16,7,190,falta de personal
2024-06-17,0,0,restaurante cerrado
2024-06-18,0,0,restaurante cerrado
2024-06-19,5,60,personal sin hacer nada
2024-06-20,5,75,personal suficiente
2024-06-21,3,123,falta de personal
2024-06-22,6,237,personal ocupado
2024-06-23,8,126,personal suficiente
2024-06-24,0,0,restaurante cerrado
2024-06-25,0,0,restaurante cerrado
2024-06-26,6,66,personal sin hacer nada
2024-06-27,5,87,personal ocupado
2024-06-28,4,119,falta de personal
2024-06-29,6,199,personal ocupado
2024-06-30,6,204,falta de personal
2024-07-01,0,0,restaurante cerrado
2024-07-02,0,0,restaurante cerrado
2024-07-03,6,78,personal sin hacer nada
2024-07-04,6,96,personal ocupado
2024-07-05,5,89,personal ocupado
2024-07-06,8,152,personal suficiente
2024-07-07,6,149,falta de personal
2024-07-08,0,0,restaurante cerrado
2024-07-09,0,0,restaurante cerrado
2024-07-10,3,59,personal suficiente
2024-07-11,3,74,falta de personal
2024-07-12,3,148,falta de personal
2024-07-13,7,191,falta de personal
2024-07-14,7,162,personal ocupado
2024-07-15,0,0,restaurante cerrado
2024-07-16,0,0,restaurante cerrado
2024-07-17,6,50,personal sin hacer nada
2024-07-18,6,71,personal sin hacer nada
2024-07-19,6,97,personal ocupado
2024-07-20,6,161,falta de personal
2024-07-21,7,143,personal suficiente
2024-07-22,0,0,restaurante cerrado
2024-07-23,0,0,restaurante cerrado
2024-07-24,6,48,personal sin hacer nada
2024-07-25,6,93,personal ocupado
2024-07-26,6,120,personal suficiente
2024-07-27,8,243,personal ocupado
2024-07-28,7,176,falta de personal
2024-07-29,0,0,restaurante cerrado
2024-07-30,0,0,restaurante cerrado
2024-07-31,4,57,personal sin hacer nada
2024-08-01,0,0,restaurante cerrado
2024-08-02,0,0,restaurante cerrado
2024-08-03,0,0,restaurante cerrado
2024-08-04,0,0,restaurante cerrado
2024-08-05,0,0,restaurante cerrado
2024-08-06,0,0,restaurante cerrado
2024-08-07,0,0,restaurante cerrado
2024-08-08,0,0,restaurante cerrado
2024-08-09,0,0,restaurante cerrado
2024-08-10,0,0,restaurante cerrado
2024-08-11,0,0,restaurante cerrado
2024-08-12,0,0,restaurante cerrado
2024-08-13,0,0,restaurante cerrado
2024-08-14,0,0,restaurante cerrado
2024-08-15,0,0,restaurante cerrado
2024-08-16,0,0,restaurante cerrado
2024-08-17,0,0,restaurante cerrado
2024-08-18,0,0,restaurante cerrado
2024-08-19,0,0,restaurante cerrado
2024-08-20,0,0,restaurante cerrado
2024-08-21,0,0,restaurante cerrado
2024-08-22,0,0,restaurante cerrado
2024-08-23,0,0,restaurante cerrado
2024-08-24,0,0,restaurante cerrado
2024-08-25,0,0,restaurante cerrado
2024-08-26,0,0,restaurante cerrado
2024-08-27,0,0,restaurante cerrado
2024-08-28,0,0,restaurante cerrado
2024-08-29,0,0,restaurante cerrado
2024-08-30,0,0,restaurante cerrado
2024-08-31,0,0,restaurante cerrado
2024-09-01,8,135,personal ocupado
2024-09-02,0,0,restaurante cerrado
2024-09-03,0,0,restaurante cerrado
2024-09-04,6,65,personal sin hacer nada
2024-09-05,6,76,personal sin hacer nada
2024-09-06,6,153,falta de personal
2024-09-07,6,226,falta de personal
2024-09-08,8,159,personal ocupado
2024-09-09,6,52,personal sin hacer nada
2024-09-10,0,0,restaurante cerrado
2024-09-11,3,42,personal sin hacer nada
2024-09-12,6,82,personal sin hacer nada
2024-09-13,6,104,personal ocupado
2024-09-14,6,141,personal ocupado
2024-09-15,8,129,personal ocupado
2024-09-16,0,0,restaurante cerrado
2024-09-17,0,0,restaurante cerrado
2024-09-18,4,44,personal sin hacer nada
2024-09-19,5,43,personal suficiente
2024-09-20,5,114,personal suficiente
2024-09-21,8,148,personal ocupado
2024-09-22,7,115,personal ocupado
2024-09-23,0,0,restaurante cerrado
2024-09-24,0,0,restaurante cerrado
2024-09-25,3,69,personal ocupado
2024-09-26,3,72,falta de personal
2024-09-27,3,83,personal ocupado
2024-09-28,6,169,personal ocupado
2024-09-29,6,125,personal ocupado
2024-09-30,0,0,restaurante cerrado
2024-10-01,0,0,restaurante cerrado
2024-10-02,5,74,personal sin hacer nada
2024-10-03,5,84,personal ocupado
2024-10-04,4,136,personal ocupado
2024-10-05,6,148,personal ocupado
2024-10-06,8,159,personal ocupado
2024-10-07,0,0,restaurante cerrado
2024-10-08,0,0,restaurante cerrado
2024-10-09,6,42,personal sin hacer nada
2024-10-10,3,70,personal suficiente
2024-10-11,4,84,personal ocupado
2024-10-12,8,147,personal ocupado
2024-10-13,6,149,personal ocupado
2024-10-14,0,0,restaurante cerrado
2024-10-15,0,0,restaurante cerrado
2024-10-16,3,38,personal sin hacer nada
2024-10-17,3,90,falta de personal
2024-10-18,4,129,personal ocupado
2024-10-19,8,146,personal ocupado
2024-10-20,6,129,personal suficiente
2024-10-21,0,0,restaurante cerrado
2024-10-22,0,0,restaurante cerrado
2024-10-23,3,57,personal ocupado
2024-10-24,6,64,personal sin hacer nada
2024-10-25,5,106,personal ocupado
2024-10-26,6,148,falta de personal
2024-10-27,7,153,personal suficiente
2024-10-28,0,0,restaurante cerrado
2024-10-29,0,0,restaurante cerrado
2024-10-30,5,66,personal sin hacer nada
2024-10-31,4,80,personal suficiente
2024-11-01,5,132,falta de personal
2024-11-02,6,156,falta de personal
2024-11-03,6,112,personal suficiente
2024-11-04,0,0,restaurante cerrado
2024-11-05,0,0,restaurante cerrado
2024-11-06,5,51,personal sin hacer nada
2024-11-07,3,90,personal ocupado
2024-11-08,4,134,personal ocupado
2024-11-09,7,165,personal ocupado
2024-11-10,7,103,personal sin hacer nada
2024-11-11,0,0,restaurante cerrado
2024-11-12,0,0,restaurante cerrado
2024-11-13,6,50,personal sin hacer nada
2024-11-14,5,71,personal sin hacer nada
2024-11-15,4,137,personal ocupado
2024-11-16,6,174,personal ocupado
2024-11-17,6,105,personal suficiente
2024-11-18,0,0,restaurante cerrado
2024-11-19,0,0,restaurante cerrado
2024-11-20,3,60,personal ocupado
2024-11-21,3,68,personal suficiente
2024-11-22,4,139,personal ocupado
2024-11-23,6,111,personal ocupado
2024-11-24,7,118,personal ocupado
2024-11-25,0,0,restaurante cerrado
2024-11-26,0,0,restaurante cerrado
2024-11-27,5,40,personal sin hacer nada
2024-11-28,5,64,personal sin hacer nada
2024-11-29,5,84,personal suficiente
2024-11-30,8,241,falta de personal
2024-12-01,8,144,personal ocupado
2024-12-02,0,0,restaurante cerrado
2024-12-03,0,0,restaurante cerrado
2024-12-04,6,56,personal sin hacer nada
2024-12-05,6,93,personal suficiente
2024-12-06,5,142,falta de personal
2024-12-07,8,155,personal suficiente
2024-12-08,6,98,personal suficiente
2024-12-09,0,0,restaurante cerrado
2024-12-10,0,0,restaurante cerrado
2024-12-11,3,70,personal ocupado
2024-12-12,3,72,falta de personal
2024-12-13,3,112,personal ocupado
2024-12-14,7,155,personal ocupado
2024-12-15,7,102,personal sin hacer nada
2024-12-16,0,0,restaurante cerrado
2024-12-17,0,0,restaurante cerrado
2024-12-18,6,48,personal suficiente
2024-12-19,6,86,personal sin hacer nada
2024-12-20,5,86,personal ocupado
2024-12-21,8,145,personal ocupado
2024-12-22,7,114,personal ocupado
2024-12-23,0,0,restaurante cerrado
2024-12-24,0,0,restaurante cerrado
2024-12-25,0,0,restaurante cerrado
2024-12-26,5,80,personal ocupado
2024-12-27,5,99,personal ocupado
2024-12-28,8,149,personal ocupado
2024-12-29,7,135,personal suficiente
2024-12-30,0,0,restaurante cerrado
2024-12-31,0,0,restaurante cerrado
2025-01-01,6,45,personal suficiente
2025-01-02,6,54,personal sin hacer nada
2025-01-03,6,74,personal sin hacer nada
2025-01-04,6,83,personal suficiente
2025-01-05,8,128,personal suficiente
2025-01-06,5,61,personal suficiente
2025-01-07,5,62,personal sin hacer nada
2025-01-08,6,41,personal suficiente
2025-01-09,4,71,personal ocupado
2025-01-10,4,73,personal ocupado
2025-01-11,7,137,personal ocupado
2025-01-12,8,82,personal sin hacer nada
2025-01-13,0,0,restaurante cerrado
2025-01-14,0,0,restaurante cerrado
2025-01-15,3,37,personal suficiente
2025-01-16,6,47,personal sin hacer nada
2025-01-17,3,67,personal ocupado
2025-01-18,6,96,personal ocupado
2025-01-19,7,105,personal ocupado
2025-01-20,0,0,restaurante cerrado
2025-01-21,0,0,restaurante cerrado
2025-01-22,6,53,personal suficiente
2025-01-23,3,70,personal ocupado
2025-01-24,5,96,personal suficiente
2025-01-25,7,117,personal ocupado
2025-01-26,7,105,personal ocupado
2025-01-27,0,0,restaurante cerrado
2025-01-28,0,0,restaurante cerrado
2025-01-29,6,39,personal sin hacer nada
2025-01-30,4,44,personal suficiente
2025-01-31,4,88,personal ocupado
2025-02-01,7,120,personal suficiente
2025-02-02,6,87,personal sin hacer nada
2025-02-03,0,0,restaurante cerrado
2025-02-04,0,0,restaurante cerrado
2025-02-05,4,45,personal suficiente
2025-02-06,4,70,personal ocupado
2025-02-07,3,58,personal suficiente
2025-02-08,7,118,personal ocupado
2025-02-09,6,103,personal ocupado
2025-02-10,0,0,restaurante cerrado
2025-02-11,0,0,restaurante cerrado
2025-02-12,4,39,personal sin hacer nada
2025-02-13,5,50,personal suficiente
2025-02-14,6,91,personal ocupado
2025-02-15,7,124,personal ocupado
2025-02-16,6,94,personal ocupado
2025-02-17,0,0,restaurante cerrado
2025-02-18,0,0,restaurante cerrado
2025-02-19,4,56,personal sin hacer nada
2025-02-20,5,70,personal sin hacer nada
2025-02-21,3,92,personal ocupado
2025-02-22,6,159,falta de personal
2025-02-23,6,111,personal ocupado
2025-02-24,0,0,restaurante cerrado
2025-02-25,0,0,restaurante cerrado
2025-02-26,5,47,personal sin hacer nada
2025-02-27,6,92,personal ocupado
2025-02-28,3,116,personal ocupado
2025-03-01,6,95,personal ocupado
2025-03-02,6,82,personal sin hacer nada
2025-03-03,0,0,restaurante cerrado
2025-03-04,0,0,restaurante cerrado
2025-03-05,4,58,personal sin hacer nada
2025-03-06,3,85,falta de personal
2025-03-07,5,86,personal ocupado
2025-03-08,7,121,personal suficiente
2025-03-09,7,104,personal sin hacer nada
2025-03-10,0,0,restaurante cerrado
2025-03-11,0,0,restaurante cerrado
2025-03-12,4,54,personal suficiente
2025-03-13,3,58,personal ocupado
2025-03-14,6,93,personal ocupado
2025-03-15,6,125,personal ocupado
2025-03-16,7,107,personal suficiente
2025-03-17,0,0,restaurante cerrado
2025-03-18,0,0,restaurante cerrado
2025-03-19,4,57,personal suficiente
2025-03-20,5,42,personal sin hacer nada
2025-03-21,4,76,personal ocupado
2025-03-22,6,141,personal ocupado
2025-03-23,8,106,personal sin hacer nada
2025-03-24,0,0,restaurante cerrado
2025-03-25,0,0,restaurante cerrado
2025-03-26,3,50,personal suficiente
2025-03-27,4,67,personal suficiente
2025-03-28,5,89,personal suficiente
2025-03-29,7,103,personal sin hacer nada
2025-03-30,7,117,personal suficiente
2025-03-31,0,0,restaurante cerrado
2025-04-01,0,0,restaurante cerrado
2025-04-02,5,35,personal sin hacer nada
2025-04-03,5,49,personal suficiente
2025-04-04,4,93,personal ocupado
2025-04-05,8,150,personal ocupado
2025-04-06,8,147,personal ocupado
2025-04-07,0,0,restaurante cerrado
2025-04-08,0,0,restaurante cerrado
2025-04-09,6,68,personal sin hacer nada
2025-04-10,5,89,personal suficiente
2025-04-11,6,155,personal ocupado
2025-04-12,7,177,falta de personal
2025-04-13,7,187,falta de personal
2025-04-14,6,81,personal sin hacer nada
2025-04-15,7,63,personal sin hacer nada
2025-04-16,6,65,personal sin hacer nada
2025-04-17,7,110,personal ocupado
2025-04-18,5,131,falta de personal
2025-04-19,6,171,falta de personal
2025-04-20,6,159,falta de personal
2025-04-21,6,47,personal suficiente
2025-04-22,7,83,personal suficiente
2025-04-23,6,77,personal suficiente
2025-04-24,7,94,personal suficiente
2025-04-25,7,169,personal ocupado
2025-04-26,8,185,personal ocupado
2025-04-27,6,150,personal ocupado
2025-04-28,0,0,restaurante cerrado
2025-04-29,0,0,restaurante cerrado
2025-04-30,5,47,personal sin hacer nada
2025-05-01,6,68,personal sin hacer nada
2025-05-02,7,92,personal sin hacer nada
2025-05-03,6,195,personal ocupado
2025-05-04,8,190,personal ocupado
2025-05-05,0,0,restaurante cerrado
2025-05-06,0,0,restaurante cerrado
2025-05-07,3,58,personal ocupado
2025-05-08,6,100,personal suficiente
2025-05-09,6,109,personal ocupado
2025-05-10,6,148,falta de personal
2025-05-11,8,159,personal ocupado
2025-05-12,0,0,restaurante cerrado
2025-05-13,0,0,restaurante cerrado
2025-05-14,3,64,personal suficiente
2025-05-15,6,50,personal sin hacer nada
2025-05-16,6,132,personal ocupado
2025-05-17,8,174,personal suficiente
2025-05-18,7,115,personal suficiente
2025-05-19,0,0,restaurante cerrado
2025-05-20,0,0,restaurante cerrado
2025-05-21,3,67,personal ocupado
2025-05-22,6,80,personal sin hacer nada
2025-05-23,6,160,falta de personal
2025-05-24,6,196,personal ocupado
2025-05-25,6,165,falta de personal
2025-05-26,0,0,restaurante cerrado
2025-05-27,0,0,restaurante cerrado
2025-05-28,3,54,personal ocupado
2025-05-29,5,71,personal sin hacer nada
2025-05-30,5,101,personal ocupado
2025-05-31,7,132,personal ocupado
2025-06-01,8,182,personal suficiente
2025-06-02,0,0,restaurante cerrado
2025-06-03,0,0,restaurante cerrado
2025-06-04,4,77,personal ocupado
2025-06-05,4,94,personal ocupado
2025-06-06,6,121,personal ocupado
2025-06-07,8,191,personal suficiente
2025-06-08,7,141,personal ocupado
2025-06-09,0,0,restaurante cerrado
2025-06-10,0,0,restaurante cerrado
2025-06-11,6,61,personal suficiente
2025-06-12,6,75,personal sin hacer nada
2025-06-13,5,147,personal ocupado
2025-06-14,6,248,falta de personal
2025-06-15,6,142,personal ocupado
2025-06-16,0,0,restaurante cerrado
2025-06-17,0,0,restaurante cerrado
2025-06-18,5,46,personal sin hacer nada
2025-06-19,5,86,personal suficiente
2025-06-20,4,106,falta de personal
2025-06-21,8,223,falta de personal
2025-06-22,8,156,personal ocupado
2025-06-23,0,0,restaurante cerrado
2025-06-24,0,0,restaurante cerrado
2025-06-25,3,50,personal suficiente
2025-06-26,6,86,personal suficiente
2025-06-27,3,114,falta de personal
2025-06-28,8,151,personal ocupado
2025-06-29,8,131,personal ocupado
2025-06-30,0,0,restaurante cerrado
2025-07-01,0,0,restaurante cerrado
2025-07-02,5,42,personal sin hacer nada
2025-07-03,3,60,personal ocupado
2025-07-04,3,114,personal ocupado
2025-07-05,8,145,personal ocupado
2025-07-06,6,144,falta de personal
2025-07-07,0,0,restaurante cerrado
2025-07-08,0,0,restaurante cerrado
2025-07-09,6,53,personal sin hacer nada
2025-07-10,5,80,personal suficiente
2025-07-11,4,107,personal ocupado
2025-07-12,8,241,falta de personal
2025-07-13,7,173,falta de personal
2025-07-14,0,0,restaurante cerrado
2025-07-15,0,0,restaurante cerrado
2025-07-16,3,87,personal ocupado
2025-07-17,4,63,personal ocupado
2025-07-18,5,116,personal ocupado
2025-07-19,8,228,falta de personal
2025-07-20,7,151,personal ocupado
2025-07-21,0,0,restaurante cerrado
2025-07-22,0,0,restaurante cerrado
2025-07-23,3,95,falta de personal
2025-07-24,4,92,personal suficiente
2025-07-25,3,175,falta de personal
2025-07-26,6,213,falta de personal
2025-07-27,6,125,personal ocupado
2025-07-28,0,0,restaurante cerrado
2025-07-29,0,0,restaurante cerrado
2025-07-30,3,56,personal suficiente
2025-07-31,4,64,personal ocupado
2025-08-01,0,0,restaurante cerrado
2025-08-02,0,0,restaurante cerrado
2025-08-03,0,0,restaurante cerrado
2025-08-04,0,0,restaurante cerrado
2025-08-05,0,0,restaurante cerrado
2025-08-06,0,0,restaurante cerrado
2025-08-07,0,0,restaurante cerrado
2025-08-08,0,0,restaurante cerrado
2025-08-09,0,0,restaurante cerrado
2025-08-10,0,0,restaurante cerrado
2025-08-11,0,0,restaurante cerrado
2025-08-12,0,0,restaurante cerrado
2025-08-13,0,0,restaurante cerrado
2025-08-14,0,0,restaurante cerrado
2025-08-15,0,0,restaurante cerrado
2025-08-16,0,0,restaurante cerrado
2025-08-17,0,0,restaurante cerrado
2025-08-18,0,0,restaurante cerrado
2025-08-19,0,0,restaurante cerrado
2025-08-20,0,0,restaurante cerrado
2025-08-21,0,0,restaurante cerrado
2025-08-22,0,0,restaurante cerrado
2025-08-23,0,0,restaurante cerrado
2025-08-24,0,0,restaurante cerrado
2025-08-25,0,0,restaurante cerrado
2025-08-26,0,0,restaurante cerrado
2025-08-27,0,0,restaurante cerrado
2025-08-28,0,0,restaurante cerrado
2025-08-29,0,0,restaurante cerrado
2025-08-30,0,0,restaurante cerrado
2025-08-31,0,0,restaurante cerrado
2025-09-01,0,0,restaurante cerrado
2025-09-02,0,0,restaurante cerrado
2025-09-03,3,57,personal suficiente
2025-09-04,5,62,personal sin hacer nada
2025-09-05,4,111,falta de personal
2025-09-06,8,167,personal ocupado
2025-09-07,7,131,personal ocupado
2025-09-08,5,50,personal sin hacer nada
2025-09-09,5,71,personal sin hacer nada
2025-09-10,6,52,personal sin hacer nada
2025-09-11,5,107,personal suficiente
2025-09-12,5,107,personal ocupado
2025-09-13,8,170,personal ocupado
2025-09-14,6,115,personal ocupado
2025-09-15,0,0,restaurante cerrado
2025-09-16,0,0,restaurante cerrado
2025-09-17,3,51,personal ocupado
2025-09-18,6,70,personal sin hacer nada
2025-09-19,6,97,personal suficiente
2025-09-20,7,187,falta de personal
2025-09-21,6,124,personal ocupado
2025-09-22,0,0,restaurante cerrado
2025-09-23,0,0,restaurante cerrado
2025-09-24,3,52,personal suficiente
2025-09-25,5,84,personal ocupado
2025-09-26,6,119,personal suficiente
2025-09-27,8,162,personal ocupado
2025-09-28,6,122,personal suficiente
2025-09-29,0,0,restaurante cerrado
2025-09-30,0,0,restaurante cerrado
2025-10-01,3,59,personal ocupado
2025-10-02,6,79,personal suficiente
2025-10-03,3,131,falta de personal
2025-10-04,8,191,personal ocupado
2025-10-05,6,139,personal suficiente
2025-10-06,0,0,restaurante cerrado
2025-10-07,0,0,restaurante cerrado
2025-10-08,6,60,personal sin hacer nada
2025-10-09,3,70,personal ocupado
2025-10-10,4,138,personal ocupado
2025-10-11,6,161,falta de personal
2025-10-12,6,153,personal ocupado
2025-10-13,0,0,restaurante cerrado
2025-10-14,0,0,restaurante cerrado
2025-10-15,4,62,personal suficiente
2025-10-16,6,77,personal sin hacer nada
2025-10-17,3,111,falta de personal
2025-10-18,8,171,personal ocupado
2025-10-19,8,103,personal sin hacer nada
2025-10-20,0,0,restaurante cerrado
2025-10-21,0,0,restaurante cerrado
2025-10-22,4,58,personal sin hacer nada
2025-10-23,5,65,personal sin hacer nada
2025-10-24,6,140,personal ocupado
2025-10-25,7,166,personal ocupado
2025-10-26,7,133,personal suficiente
2025-10-27,0,0,restaurante cerrado
2025-10-28,0,0,restaurante cerrado
2025-10-29,4,45,personal sin hacer nada
2025-10-30,3,95,falta de personal
2025-10-31,6,145,falta de personal
2025-11-01,7,193,falta de personal
2025-11-02,7,117,personal ocupado
2025-11-03,0,0,restaurante cerrado
2025-11-04,0,0,restaurante cerrado
2025-11-05,3,55,personal ocupado
2025-11-06,5,81,personal ocupado
2025-11-07,5,117,personal ocupado
2025-11-08,7,129,personal suficiente
2025-11-09,8,82,personal sin hacer nada
2025-11-10,0,0,restaurante cerrado
2025-11-11,0,0,restaurante cerrado
2025-11-12,4,54,personal suficiente
2025-11-13,6,46,personal sin hacer nada
2025-11-14,5,131,falta de personal
2025-11-15,7,122,personal ocupado
2025-11-16,8,96,personal sin hacer nada
2025-11-17,0,0,restaurante cerrado
2025-11-18,0,0,restaurante cerrado
2025-11-19,4,55,personal sin hacer nada
2025-11-20,3,49,personal suficiente
2025-11-21,3,87,personal ocupado
2025-11-22,6,154,falta de personal
2025-11-23,6,97,personal ocupado
2025-11-24,0,0,restaurante cerrado
2025-11-25,0,0,restaurante cerrado
2025-11-26,6,33,personal suficiente
2025-11-27,5,46,personal sin hacer nada
2025-11-28,5,97,personal ocupado
2025-11-29,6,107,personal suficiente
2025-11-30,8,86,personal suficiente
2025-12-01,0,0,restaurante cerrado
2025-12-02,0,0,restaurante cerrado
2025-12-03,3,64,personal ocupado
2025-12-04,4,71,personal ocupado
2025-12-05,3,148,falta de personal
2025-12-06,7,210,falta de personal
2025-12-07,7,146,personal ocupado
2025-12-08,7,67,personal suficiente
2025-12-09,0,0,restaurante cerrado
2025-12-10,5,62,personal sin hacer nada
2025-12-11,6,96,personal suficiente
2025-12-12,3,115,falta de personal
2025-12-13,8,174,personal ocupado
2025-12-14,7,149,personal suficiente
2025-12-15,0,0,restaurante cerrado
2025-12-16,0,0,restaurante cerrado
2025-12-17,3,60,personal ocupado
2025-12-18,6,99,personal ocupado
2025-12-19,4,187,falta de personal
2025-12-20,6,198,falta de personal
2025-12-21,7,108,personal suficiente
2025-12-22,0,0,restaurante cerrado
2025-12-23,0,0,restaurante cerrado
2025-12-24,4,57,personal suficiente
2025-12-25,0,0,restaurante cerrado
2025-12-26,4,114,falta de personal
2025-12-27,6,147,personal ocupado
2025-12-28,8,123,personal suficiente
2025-12-29,0,0,restaurante cerrado
2025-12-30,0,0,restaurante cerrado
2025-12-31,3,52,personal ocupado
2026-01-01,5,65,personal suficiente
2026-01-02,6,87,personal sin hacer nada
2026-01-03,7,123,personal ocupado
2026-01-04,8,132,personal ocupado
2026-01-05,4,45,personal suficiente
2026-01-06,6,39,personal sin hacer nada
2026-01-07,3,55,personal suficiente
2026-01-08,4,49,personal suficiente
2026-01-09,4,145,falta de personal
2026-01-10,7,117,personal ocupado
2026-01-11,7,115,personal ocupado
2026-01-12,0,0,restaurante cerrado
2026-01-13,0,0,restaurante cerrado
2026-01-14,3,39,personal sin hacer nada
2026-01-15,5,49,personal suficiente
2026-01-16,4,75,personal ocupado
2026-01-17,6,99,personal suficiente
2026-01-18,7,142,personal ocupado
2026-01-19,0,0,restaurante cerrado
2026-01-20,0,0,restaurante cerrado
2026-01-21,3,33,personal sin hacer nada
2026-01-22,3,71,personal suficiente
2026-01-23,3,77,personal ocupado
2026-01-24,8,115,personal suficiente
2026-01-25,8,90,personal sin hacer nada
2026-01-26,0,0,restaurante cerrado
2026-01-27,0,0,restaurante cerrado
2026-01-28,3,35,personal suficiente
2026-01-29,4,45,personal sin hacer nada
2026-01-30,6,92,personal ocupado
2026-01-31,7,121,personal ocupado
2026-02-01,8,82,personal sin hacer nada
2026-02-02,0,0,restaurante cerrado
2026-02-03,0,0,restaurante cerrado
2026-02-04,4,35,personal sin hacer nada
2026-02-05,3,53,personal ocupado
2026-02-06,3,70,personal suficiente
2026-02-07,6,108,personal ocupado
2026-02-08,7,111,personal ocupado
2026-02-09,0,0,restaurante cerrado
2026-02-10,0,0,restaurante cerrado
2026-02-11,4,45,personal suficiente
2026-02-12,3,59,personal ocupado
2026-02-13,5,86,personal suficiente
2026-02-14,8,137,personal ocupado
2026-02-15,8,83,personal sin hacer nada
2026-02-16,0,0,restaurante cerrado
2026-02-17,0,0,restaurante cerrado
2026-02-18,6,54,personal sin hacer nada
2026-02-19,5,63,personal sin hacer nada
2026-02-20,5,80,personal suficiente
2026-02-21,8,123,personal ocupado
2026-02-22,6,88,personal sin hacer nada
2026-02-23,0,0,restaurante cerrado
2026-02-24,0,0,restaurante cerrado
2026-02-25,5,61,personal sin hacer nada
2026-02-26,3,83,falta de personal
2026-02-27,6,111,personal ocupado
2026-02-28,8,143,personal suficiente
2026-03-01,6,116,personal suficiente
2026-03-02,0,0,restaurante cerrado
2026-03-03,0,0,restaurante cerrado
2026-03-04,5,52,personal sin hacer nada
2026-03-05,6,54,personal sin hacer nada
2026-03-06,4,93,personal suficiente
2026-03-07,6,175,falta de personal
2026-03-08,7,123,personal suficiente
2026-03-09,0,0,restaurante cerrado
2026-03-10,0,0,restaurante cerrado
2026-03-11,4,64,personal ocupado
2026-03-12,3,83,falta de personal
2026-03-13,6,91,personal suficiente
2026-03-14,6,154,personal ocupado
2026-03-15,7,133,personal suficiente
2026-03-16,0,0,restaurante cerrado
2026-03-17,0,0,restaurante cerrado
2026-03-18,4,52,personal suficiente
2026-03-19,4,78,personal ocupado
2026-03-20,4,108,falta de personal
2026-03-21,6,140,personal ocupado
2026-03-22,8,131,personal ocupado
2026-03-23,0,0,restaurante cerrado
2026-03-24,0,0,restaurante cerrado
2026-03-25,3,52,personal suficiente
2026-03-26,4,89,personal ocupado
2026-03-27,4,108,personal ocupado
2026-03-28,7,142,personal suficiente
2026-03-29,7,138,personal ocupado
2026-03-30,6,58,personal suficiente
2026-03-31,6,58,personal sin hacer nada
2026-04-01,7,67,personal suficiente
2026-04-02,6,124,personal ocupado
2026-04-03,7,181,personal ocupado
2026-04-04,7,247,falta de personal
2026-04-05,8,194,personal ocupado
2026-04-06,6,60,personal sin hacer nada
2026-04-07,7,74,personal sin hacer nada
2026-04-08,7,73,personal sin hacer nada
2026-04-09,6,118,personal suficiente
2026-04-10,6,175,personal ocupado
2026-04-11,6,277,falta de personal
2026-04-12,8,148,personal suficiente
2026-04-13,0,0,restaurante cerrado
2026-04-14,0,0,restaurante cerrado
2026-04-15,3,65,personal ocupado
2026-04-16,3,72,personal ocupado
2026-04-17,4,112,falta de personal
2026-04-18,6,156,falta de personal
2026-04-19,7,131,personal ocupado
2026-04-20,0,0,restaurante cerrado
2026-04-21,0,0,restaurante cerrado
2026-04-22,4,57,personal sin hacer nada
2026-04-23,5,69,personal suficiente
2026-04-24,3,126,personal ocupado
2026-04-25,6,154,falta de personal
2026-04-26,8,149,personal ocupado
2026-04-27,0,0,restaurante cerrado
2026-04-28,0,0,restaurante cerrado
2026-04-29,4,44,personal suficiente
2026-04-30,6,94,personal ocupado
2026-05-01,7,137,personal ocupado
2026-05-02,8,106,personal suficiente
2026-05-03,6,174,falta de personal
2026-05-04,0,0,restaurante cerrado
2026-05-05,0,0,restaurante cerrado
2026-05-06,6,68,personal sin hacer nada
2026-05-07,4,88,personal ocupado
2026-05-08,4,105,falta de personal
2026-05-09,7,151,personal ocupado
2026-05-10,7,156,personal ocupado
2026-05-11,0,0,restaurante cerrado
2026-05-12,0,0,restaurante cerrado
2026-05-13,4,59,personal suficiente
2026-05-14,3,81,falta de personal
2026-05-15,5,109,personal ocupado
2026-05-16,6,218,personal ocupado
2026-05-17,8,102,personal sin hacer nada
2026-05-18,0,0,restaurante cerrado
2026-05-19,0,0,restaurante cerrado
2026-05-20,3,57,personal ocupado
2026-05-21,3,60,personal ocupado
2026-05-22,5,138,falta de personal
2026-05-23,8,197,falta de personal
2026-05-24,6,168,falta de personal
2026-05-25,0,0,restaurante cerrado
2026-05-26,0,0,restaurante cerrado
2026-05-27,3,68,personal ocupado
2026-05-28,6,70,personal sin hacer nada
2026-05-29,6,105,personal suficiente
2026-05-30,8,172,personal ocupado
2026-05-31,8,146,personal ocupado
2026-06-01,0,0,restaurante cerrado
2026-06-02,0,0,restaurante cerrado
2026-06-03,6,72,personal sin hacer nada
2026-06-04,4,83,personal ocupado
2026-06-05,3,137,personal ocupado
2026-06-06,7,174,falta de personal
2026-06-07,7,131,personal suficiente
2026-06-08,0,0,restaurante cerrado
2026-06-09,0,0,restaurante cerrado
2026-06-10,5,66,personal suficiente
2026-06-11,5,85,personal ocupado
2026-06-12,3,139,falta de personal
2026-06-13,6,190,falta de personal
2026-06-14,8,105,personal sin hacer nada
2026-06-15,0,0,restaurante cerrado
2026-06-16,0,0,restaurante cerrado
2026-06-17,4,57,personal sin hacer nada
2026-06-18,4,71,personal suficiente
2026-06-19,6,141,personal suficiente
2026-06-20,6,154,falta de personal
2026-06-21,7,119,personal ocupado
2026-06-22,0,0,restaurante cerrado
2026-06-23,0,0,restaurante cerrado
2026-06-24,3,40,personal suficiente
2026-06-25,4,91,personal ocupado
2026-06-26,4,144,personal ocupado
2026-06-27,8,155,personal ocupado
2026-06-28,7,135,personal ocupado
2026-06-29,0,0,restaurante cerrado
2026-06-30,0,0,restaurante cerrado
2026-07-01,4,53,personal sin hacer nada
2026-07-02,5,87,personal ocupado
2026-07-03,5,150,personal ocupado
2026-07-04,8,169,personal ocupado
2026-07-05,6,162,falta de personal
2026-07-06,0,0,restaurante cerrado
2026-07-07,0,0,restaurante cerrado
2026-07-08,5,71,personal sin hacer nada
2026-07-09,5,97,personal ocupado
2026-07-10,6,106,personal ocupado
2026-07-11,8,160,personal ocupado
2026-07-12,7,148,personal suficiente
2026-07-13,0,0,restaurante cerrado
2026-07-14,0,0,restaurante cerrado
2026-07-15,6,62,personal sin hacer nada
2026-07-16,5,100,personal ocupado
2026-07-17,4,140,falta de personal
2026-07-18,7,153,personal ocupado
2026-07-19,6,177,falta de personal
2026-07-20,0,0,restaurante cerrado
2026-07-21,0,0,restaurante cerrado
2026-07-22,5,70,personal sin hacer nada
2026-07-23,5,79,personal ocupado
2026-07-24,3,124,falta de personal
2026-07-25,6,253,personal ocupado
2026-07-26,6,178,personal ocupado
2026-07-27,0,0,restaurante cerrado
2026-07-28,0,0,restaurante cerrado
2026-07-29,6,53,personal suficiente
2026-07-30,3,78,falta de personal
2026-07-31,5,118,personal ocupado
2026-08-01,0,0,restaurante cerrado
2026-08-02,0,0,restaurante cerrado
2026-08-03,0,0,restaurante cerrado
2026-08-04,0,0,restaurante cerrado
2026-08-05,0,0,restaurante cerrado
2026-08-06,0,0,restaurante cerrado
2026-08-07,0,0,restaurante cerrado
2026-08-08,0,0,restaurante cerrado
2026-08-09,0,0,restaurante cerrado
2026-08-10,0,0,restaurante cerrado
2026-08-11,0,0,restaurante cerrado
2026-08-12,0,0,restaurante cerrado
2026-08-13,0,0,restaurante cerrado
2026-08-14,0,0,restaurante cerrado
2026-08-15,0,0,restaurante cerrado
2026-08-16,0,0,restaurante cerrado
2026-08-17,0,0,restaurante cerrado
2026-08-18,0,0,restaurante cerrado
2026-08-19,0,0,restaurante cerrado
2026-08-20,0,0,restaurante cerrado
2026-08-21,0,0,restaurante cerrado
2026-08-22,0,0,restaurante cerrado
2026-08-23,0,0,restaurante cerrado
2026-08-24,0,0,restaurante cerrado
2026-08-25,0,0,restaurante cerrado
2026-08-26,0,0,restaurante cerrado
2026-08-27,0,0,restaurante cerrado
2026-08-28,0,0,restaurante cerrado
2026-08-29,0,0,restaurante cerrado
2026-08-30,0,0,restaurante cerrado
2026-08-31,0,0,restaurante cerrado
2026-09-01,0,0,restaurante cerrado
2026-09-02,6,65,personal sin hacer nada
2026-09-03,6,61,personal suficiente
2026-09-04,6,91,personal ocupado
2026-09-05,6,146,personal ocupado
2026-09-06,6,117,personal ocupado
2026-09-07,0,0,restaurante cerrado
2026-09-08,6,58,personal sin hacer nada
2026-09-09,7,69,personal sin hacer nada
2026-09-10,4,73,personal suficiente
2026-09-11,3,99,falta de personal
2026-09-12,8,152,personal suficiente
2026-09-13,7,135,personal ocupado
2026-09-14,0,0,restaurante cerrado
2026-09-15,0,0,restaurante cerrado
2026-09-16,4,59,personal sin hacer nada
2026-09-17,3,81,falta de personal
2026-09-18,3,125,falta de personal
2026-09-19,8,142,personal ocupado
2026-09-20,6,127,personal ocupado
2026-09-21,0,0,restaurante cerrado
2026-09-22,0,0,restaurante cerrado
2026-09-23,6,56,personal sin hacer nada
2026-09-24,5,62,personal suficiente
