fecha,dia_semana,mes,es_festivo,tipo_vacaciones,tmed,tmax,tmin,prec,n_clientes,conjunto,modelo,prediccion,error,error_absoluto,nombre_dia,nombre_mes,condicion
2026-01-01,3,1,1,navidad,0.6,5.0,-3.8,0.2,65,test,regresion_lineal,57.7,7.299999999999997,7.299999999999997,jueves,enero,lluvia débil
2026-01-02,4,1,0,navidad,8.0,11.3,4.6,0.2,87,test,regresion_lineal,87.93,-0.9300000000000068,0.9300000000000068,viernes,enero,lluvia débil
2026-01-03,5,1,0,navidad,9.8,14.0,5.7,0.0,123,test,regresion_lineal,138.2,-15.199999999999989,15.199999999999989,sábado,enero,condiciones normales
2026-01-04,6,1,0,navidad,8.9,13.6,4.2,3.8,132,test,regresion_lineal,81.57,50.43000000000001,50.43000000000001,domingo,enero,lluvia débil
2026-01-05,0,1,0,navidad,2.7,6.2,-0.8,1.4,45,test,regresion_lineal,18.65,26.35,26.35,lunes,enero,lluvia débil
2026-01-06,1,1,1,navidad,0.8,6.7,-5.2,0.0,39,test,regresion_lineal,40.96,-1.9600000000000009,1.9600000000000009,martes,enero,frío intenso
2026-01-07,2,1,0,navidad,2.0,9.3,-5.4,0.0,55,test,regresion_lineal,27.94,27.06,27.06,miércoles,enero,frío intenso
2026-01-08,3,1,0,ninguna,2.4,5.4,-0.6,0.0,49,test,regresion_lineal,48.67,0.3299999999999983,0.3299999999999983,jueves,enero,frío intenso
2026-01-09,4,1,0,ninguna,9.6,14.0,5.3,0.0,145,test,regresion_lineal,82.46,62.540000000000006,62.540000000000006,viernes,enero,condiciones normales
2026-01-10,5,1,0,ninguna,5.5,12.3,-1.3,0.0,117,test,regresion_lineal,124.41,-7.409999999999997,7.409999999999997,sábado,enero,frío intenso
2026-01-11,6,1,0,ninguna,4.6,12.1,-2.8,0.0,115,test,regresion_lineal,94.58,20.42,20.42,domingo,enero,frío intenso
2026-01-14,2,1,0,ninguna,6.2,12.2,0.3,0.0,39,test,regresion_lineal,26.36,12.64,12.64,miércoles,enero,frío intenso
2026-01-15,3,1,0,ninguna,4.2,9.3,-0.9,3.8,49,test,regresion_lineal,34.46,14.54,14.54,jueves,enero,lluvia débil
2026-01-16,4,1,0,ninguna,7.8,11.6,3.9,10.2,75,test,regresion_lineal,62.3,12.700000000000005,12.700000000000005,viernes,enero,lluvia apreciable
2026-01-17,5,1,0,ninguna,4.0,5.8,2.3,6.2,99,test,regresion_lineal,96.44,2.5600000000000023,2.5600000000000023,sábado,enero,lluvia apreciable
2026-01-18,6,1,0,ninguna,6.0,11.0,0.9,0.0,142,test,regresion_lineal,99.01,42.99,42.99,domingo,enero,frío intenso
2026-01-21,2,1,0,ninguna,3.8,8.8,-1.1,7.8,33,test,regresion_lineal,8.38,24.62,24.62,miércoles,enero,lluvia apreciable
2026-01-22,3,1,0,ninguna,6.6,10.0,3.3,4.2,71,test,regresion_lineal,38.11,32.89,32.89,jueves,enero,lluvia débil
2026-01-23,4,1,0,ninguna,6.1,9.1,3.1,4.2,77,test,regresion_lineal,68.37,8.629999999999995,8.629999999999995,viernes,enero,lluvia débil
2026-01-24,5,1,0,ninguna,4.2,7.2,1.2,0.8,115,test,regresion_lineal,118.64,-3.640000000000001,3.640000000000001,sábado,enero,lluvia débil
2026-01-25,6,1,0,ninguna,7.6,12.0,3.1,0.2,90,test,regresion_lineal,97.95,-7.950000000000003,7.950000000000003,domingo,enero,lluvia débil
2026-01-28,2,1,0,ninguna,7.0,11.3,2.6,12.4,35,test,regresion_lineal,8.29,26.71,26.71,miércoles,enero,lluvia apreciable
2026-01-29,3,1,0,ninguna,10.0,13.0,7.0,14.6,45,test,regresion_lineal,32.36,12.64,12.64,jueves,enero,lluvia apreciable
2026-01-30,4,1,0,ninguna,8.4,10.8,6.1,5.0,92,test,regresion_lineal,69.89,22.11,22.11,viernes,enero,lluvia apreciable
2026-01-31,5,1,0,ninguna,8.4,12.8,4.1,0.0,121,test,regresion_lineal,130.07,-9.069999999999991,9.069999999999991,sábado,enero,frío intenso
2026-02-01,6,2,0,ninguna,6.9,9.8,4.0,8.2,82,test,regresion_lineal,70.25,11.75,11.75,domingo,febrero,lluvia apreciable
2026-02-04,2,2,0,ninguna,7.4,10.8,4.1,10.4,35,test,regresion_lineal,16.94,18.06,18.06,miércoles,febrero,lluvia apreciable
2026-02-05,3,2,0,ninguna,11.2,14.4,8.0,5.8,53,test,regresion_lineal,45.33,7.670000000000002,7.670000000000002,jueves,febrero,lluvia apreciable
2026-02-06,4,2,0,ninguna,7.5,9.7,5.3,1.8,70,test,regresion_lineal,81.2,-11.200000000000005,11.200000000000005,viernes,febrero,lluvia débil
2026-02-07,5,2,0,ninguna,6.4,8.0,4.8,11.6,108,test,regresion_lineal,94.52,13.480000000000004,13.480000000000004,sábado,febrero,lluvia apreciable
2026-02-08,6,2,0,ninguna,8.8,11.9,5.8,3.0,111,test,regresion_lineal,85.8,25.200000000000003,25.200000000000003,domingo,febrero,lluvia débil
2026-02-11,2,2,0,ninguna,13.4,15.2,11.5,6.0,45,test,regresion_lineal,27.58,17.42,17.42,miércoles,febrero,lluvia apreciable
2026-02-12,3,2,0,ninguna,11.0,13.9,8.1,7.6,59,test,regresion_lineal,43.71,15.29,15.29,jueves,febrero,lluvia apreciable
2026-02-13,4,2,0,ninguna,9.8,11.9,7.7,1.4,86,test,regresion_lineal,84.35,1.6500000000000057,1.6500000000000057,viernes,febrero,lluvia débil
2026-02-14,5,2,0,ninguna,6.8,12.6,1.1,0.0,137,test,regresion_lineal,132.52,4.47999999999999,4.47999999999999,sábado,febrero,frío intenso
2026-02-15,6,2,0,ninguna,7.0,14.8,-0.7,0.0,83,test,regresion_lineal,101.64,-18.64,18.64,domingo,febrero,frío intenso
2026-02-18,2,2,0,ninguna,9.6,12.8,6.4,1.0,54,test,regresion_lineal,32.87,21.130000000000003,21.130000000000003,miércoles,febrero,lluvia débil
2026-02-19,3,2,0,ninguna,7.6,13.2,2.0,0.0,63,test,regresion_lineal,54.66,8.340000000000003,8.340000000000003,jueves,febrero,frío intenso
2026-02-20,4,2,0,ninguna,8.3,16.8,-0.2,0.0,80,test,regresion_lineal,81.29,-1.2900000000000065,1.2900000000000065,viernes,febrero,frío intenso
2026-02-21,5,2,0,ninguna,10.7,20.5,0.9,0.0,123,test,regresion_lineal,129.84,-6.840000000000003,6.840000000000003,sábado,febrero,frío intenso
2026-02-22,6,2,0,ninguna,11.2,20.9,1.5,0.0,88,test,regresion_lineal,102.13,-14.129999999999995,14.129999999999995,domingo,febrero,frío intenso
2026-02-25,2,2,0,ninguna,13.2,23.5,2.8,0.0,61,test,regresion_lineal,31.21,29.79,29.79,miércoles,febrero,frío intenso
2026-02-26,3,2,0,ninguna,13.8,24.3,3.4,0.0,83,test,regresion_lineal,52.63,30.37,30.37,jueves,febrero,frío intenso
2026-02-27,4,2,0,ninguna,12.4,21.0,3.8,0.0,111,test,regresion_lineal,84.3,26.700000000000003,26.700000000000003,viernes,febrero,frío intenso
2026-02-28,5,2,0,ninguna,13.0,19.7,6.3,0.0,143,test,regresion_lineal,135.95,7.050000000000011,7.050000000000011,sábado,febrero,condiciones normales
2026-03-01,6,3,0,ninguna,11.5,16.1,6.9,0.0,116,test,regresion_lineal,116.09,-0.0900000000000034,0.0900000000000034,domingo,marzo,condiciones normales
2026-03-04,2,3,0,ninguna,11.4,18.1,4.7,0.0,52,test,regresion_lineal,41.52,10.479999999999997,10.479999999999997,miércoles,marzo,frío intenso
2026-03-05,3,3,0,ninguna,13.6,18.6,8.6,13.8,54,test,regresion_lineal,44.96,9.04,9.04,jueves,marzo,lluvia apreciable
2026-03-06,4,3,0,ninguna,10.3,11.5,9.1,3.2,93,test,regresion_lineal,88.06,4.939999999999998,4.939999999999998,viernes,marzo,lluvia débil
2026-03-07,5,3,0,ninguna,10.8,13.4,8.1,1.8,175,test,regresion_lineal,128.83,46.16999999999999,46.16999999999999,sábado,marzo,lluvia débil
2026-03-08,6,3,0,ninguna,11.4,15.4,7.4,0.0,123,test,regresion_lineal,116.85,6.150000000000006,6.150000000000006,domingo,marzo,condiciones normales
2026-03-11,2,3,0,ninguna,11.0,16.6,5.5,0.0,64,test,regresion_lineal,42.82,21.18,21.18,miércoles,marzo,condiciones normales
2026-03-12,3,3,0,ninguna,11.4,19.0,3.8,0.0,83,test,regresion_lineal,61.36,21.64,21.64,jueves,marzo,frío intenso
2026-03-13,4,3,0,ninguna,11.4,19.0,3.7,0.0,91,test,regresion_lineal,91.44,-0.4399999999999977,0.4399999999999977,viernes,marzo,frío intenso
2026-03-14,5,3,0,ninguna,12.6,15.9,9.2,0.0,154,test,regresion_lineal,146.92,7.0800000000000125,7.0800000000000125,sábado,marzo,condiciones normales
2026-03-15,6,3,0,ninguna,10.8,16.2,5.3,0.0,133,test,regresion_lineal,114.36,18.64,18.64,domingo,marzo,condiciones normales
2026-03-18,2,3,0,ninguna,12.4,20.1,4.6,0.0,52,test,regresion_lineal,40.82,11.18,11.18,miércoles,marzo,frío intenso
2026-03-19,3,3,0,ninguna,12.3,20.0,4.6,0.0,78,test,regresion_lineal,61.91,16.090000000000003,16.090000000000003,jueves,marzo,frío intenso
2026-03-20,4,3,0,ninguna,9.8,12.7,7.0,4.0,108,test,regresion_lineal,83.95,24.05,24.05,viernes,marzo,lluvia débil
2026-03-21,5,3,0,ninguna,9.9,13.8,6.0,0.4,140,test,regresion_lineal,138.29,1.710000000000008,1.710000000000008,sábado,marzo,lluvia débil
2026-03-22,6,3,0,ninguna,10.8,19.6,1.9,0.0,131,test,regresion_lineal,109.59,21.41,21.41,domingo,marzo,frío intenso
2026-03-25,2,3,0,ninguna,13.6,23.5,3.6,0.0,52,test,regresion_lineal,38.66,13.340000000000003,13.340000000000003,miércoles,marzo,frío intenso
2026-03-26,3,3,0,ninguna,11.4,17.8,4.9,0.0,89,test,regresion_lineal,62.97,26.03,26.03,jueves,marzo,frío intenso
2026-03-27,4,3,0,ninguna,10.4,18.7,2.1,0.0,108,test,regresion_lineal,89.76,18.239999999999995,18.239999999999995,viernes,marzo,frío intenso
2026-03-28,5,3,0,ninguna,11.6,19.1,4.2,0.0,142,test,regresion_lineal,140.4,1.5999999999999943,1.5999999999999943,sábado,marzo,frío intenso
2026-03-29,6,3,0,semana_santa,8.4,15.2,1.7,0.0,138,test,regresion_lineal,137.61,0.3899999999999863,0.3899999999999863,domingo,marzo,frío intenso
2026-03-30,0,3,0,semana_santa,10.3,20.2,0.4,0.0,58,test,regresion_lineal,54.94,3.0600000000000023,3.0600000000000023,lunes,marzo,frío intenso
2026-03-31,1,3,0,semana_santa,16.2,23.1,9.2,0.0,58,test,regresion_lineal,76.67,-18.67,18.67,martes,marzo,condiciones normales
2026-04-01,2,4,0,semana_santa,12.6,20.4,4.9,0.0,67,test,regresion_lineal,73.72,-6.719999999999999,6.719999999999999,miércoles,abril,frío intenso
2026-04-02,3,4,1,semana_santa,12.7,19.9,5.5,0.0,124,test,regresion_lineal,102.74,21.260000000000005,21.260000000000005,jueves,abril,condiciones normales
2026-04-03,4,4,1,semana_santa,12.4,23.3,1.6,0.0,181,test,regresion_lineal,127.54,53.46,53.46,viernes,abril,frío intenso
2026-04-04,5,4,0,semana_santa,15.0,24.7,5.2,0.0,247,test,regresion_lineal,172.54,74.46000000000001,74.46000000000001,sábado,abril,condiciones normales
2026-04-05,6,4,0,semana_santa,17.0,28.1,6.0,0.0,194,test,regresion_lineal,144.02,49.97999999999999,49.97999999999999,domingo,abril,condiciones normales
2026-04-06,0,4,0,semana_santa,18.3,27.0,9.6,0.0,60,test,regresion_lineal,68.6,-8.599999999999994,8.599999999999994,lunes,abril,condiciones normales
2026-04-07,1,4,0,semana_santa,17.8,23.9,11.7,2.8,74,test,regresion_lineal,74.16,-0.1599999999999966,0.1599999999999966,martes,abril,lluvia débil
2026-04-08,2,4,0,semana_santa,13.4,18.2,8.6,0.0,73,test,regresion_lineal,78.47,-5.469999999999999,5.469999999999999,miércoles,abril,condiciones normales
2026-04-09,3,4,0,semana_santa,16.6,26.8,6.4,0.0,118,test,regresion_lineal,94.46,23.540000000000006,23.540000000000006,jueves,abril,condiciones normales
2026-04-10,4,4,0,semana_santa,20.8,30.0,11.7,0.0,175,test,regresion_lineal,129.3,45.69999999999999,45.69999999999999,viernes,abril,condiciones normales
2026-04-11,5,4,0,semana_santa,17.7,23.1,12.3,1.6,277,test,regresion_lineal,164.3,112.7,112.7,sábado,abril,lluvia débil
2026-04-12,6,4,0,semana_santa,12.2,16.0,8.3,1.8,148,test,regresion_lineal,132.74,15.259999999999993,15.259999999999993,domingo,abril,lluvia débil
2026-04-15,2,4,0,ninguna,15.8,25.2,6.5,0.0,65,test,regresion_lineal,47.02,17.979999999999997,17.979999999999997,miércoles,abril,condiciones normales
2026-04-16,3,4,0,ninguna,17.4,27.0,7.8,0.0,72,test,regresion_lineal,69.0,3.0,3.0,jueves,abril,condiciones normales
2026-04-17,4,4,0,ninguna,17.8,28.1,7.4,0.0,112,test,regresion_lineal,98.4,13.599999999999994,13.599999999999994,viernes,abril,condiciones normales
2026-04-18,5,4,0,ninguna,18.8,28.9,8.7,0.0,156,test,regresion_lineal,148.06,7.939999999999998,7.939999999999998,sábado,abril,condiciones normales
2026-04-19,6,4,0,ninguna,19.9,28.8,11.0,0.0,131,test,regresion_lineal,122.35,8.650000000000006,8.650000000000006,domingo,abril,condiciones normales
2026-04-22,2,4,0,ninguna,18.7,25.9,11.5,0.0,57,test,regresion_lineal,52.26,4.740000000000002,4.740000000000002,miércoles,abril,condiciones normales
2026-04-23,3,4,0,ninguna,18.8,28.2,9.3,7.4,69,test,regresion_lineal,53.12,15.880000000000004,15.880000000000004,jueves,abril,lluvia apreciable
2026-04-24,4,4,0,ninguna,19.0,24.7,13.3,0.0,126,test,regresion_lineal,105.84,20.16,20.16,viernes,abril,condiciones normales
2026-04-25,5,4,0,ninguna,20.4,26.3,14.4,0.0,154,test,regresion_lineal,155.1,-1.0999999999999943,1.0999999999999943,sábado,abril,condiciones normales
2026-04-26,6,4,0,ninguna,19.6,28.1,11.0,0.0,149,test,regresion_lineal,122.61,26.39,26.39,domingo,abril,condiciones normales
2026-04-29,2,4,0,ninguna,17.8,22.0,13.5,8.8,44,test,regresion_lineal,37.3,6.700000000000003,6.700000000000003,miércoles,abril,lluvia apreciable
2026-04-30,3,4,0,ninguna,17.6,24.7,10.4,0.0,94,test,regresion_lineal,72.59,21.41,21.41,jueves,abril,condiciones normales
2026-05-01,4,5,1,ninguna,17.8,26.8,8.9,0.2,137,test,regresion_lineal,120.13,16.870000000000005,16.870000000000005,viernes,mayo,lluvia débil
2026-05-02,5,5,1,ninguna,17.8,21.9,13.6,9.4,106,test,regresion_lineal,136.64,-30.639999999999983,30.639999999999983,sábado,mayo,lluvia apreciable
2026-05-03,6,5,0,ninguna,16.8,21.3,12.3,0.0,174,test,regresion_lineal,140.29,33.71000000000001,33.71000000000001,domingo,mayo,condiciones normales
2026-05-06,2,5,0,ninguna,13.6,22.3,4.9,0.0,68,test,regresion_lineal,60.4,7.600000000000001,7.600000000000001,miércoles,mayo,frío intenso
2026-05-07,3,5,0,ninguna,14.0,18.5,9.5,11.8,88,test,regresion_lineal,67.13,20.870000000000005,20.870000000000005,jueves,mayo,lluvia apreciable
2026-05-08,4,5,0,ninguna,14.6,21.5,7.7,4.6,105,test,regresion_lineal,101.05,3.950000000000003,3.950000000000003,viernes,mayo,lluvia débil
2026-05-09,5,5,0,ninguna,14.8,18.3,11.3,13.8,151,test,regresion_lineal,122.12,28.879999999999995,28.879999999999995,sábado,mayo,lluvia apreciable
2026-05-10,6,5,0,ninguna,12.8,16.2,9.3,3.4,156,test,regresion_lineal,113.25,42.75,42.75,domingo,mayo,lluvia débil
2026-05-13,2,5,0,ninguna,14.2,21.2,7.3,0.0,59,test,regresion_lineal,63.31,-4.310000000000002,4.310000000000002,miércoles,mayo,condiciones normales
2026-05-14,3,5,0,ninguna,16.4,23.7,9.0,0.0,81,test,regresion_lineal,85.54,-4.540000000000006,4.540000000000006,jueves,mayo,condiciones normales
2026-05-15,4,5,0,ninguna,13.6,20.0,7.1,0.0,109,test,regresion_lineal,114.8,-5.799999999999997,5.799999999999997,viernes,mayo,condiciones normales
2026-05-16,5,5,0,ninguna,13.5,22.9,4.1,0.0,218,test,regresion_lineal,159.12,58.88,58.88,sábado,mayo,frío intenso
2026-05-17,6,5,0,ninguna,16.4,24.4,8.3,3.8,102,test,regresion_lineal,108.07,-6.069999999999993,6.069999999999993,domingo,mayo,lluvia débil
2026-05-20,2,5,0,ninguna,21.4,32.2,10.7,0.0,57,test,regresion_lineal,63.52,-6.520000000000003,6.520000000000003,miércoles,mayo,calor intenso
2026-05-21,3,5,0,ninguna,23.5,33.6,13.4,0.0,60,test,regresion_lineal,87.14,-27.14,27.14,jueves,mayo,calor intenso
2026-05-22,4,5,0,ninguna,23.4,32.7,14.0,0.0,138,test,regresion_lineal,118.27,19.730000000000004,19.730000000000004,viernes,mayo,calor intenso
2026-05-23,5,5,0,ninguna,24.8,34.4,15.3,0.0,197,test,regresion_lineal,167.59,29.41,29.41,sábado,mayo,calor intenso
2026-05-24,6,5,0,ninguna,24.6,32.9,16.3,0.0,168,test,regresion_lineal,140.96,27.039999999999992,27.039999999999992,domingo,mayo,calor intenso
2026-05-27,2,5,0,ninguna,24.6,35.9,13.3,0.0,68,test,regresion_lineal,65.21,2.7900000000000063,2.7900000000000063,miércoles,mayo,calor intenso
2026-05-28,3,5,0,ninguna,25.2,36.7,13.6,0.0,70,test,regresion_lineal,86.42,-16.42,16.42,jueves,mayo,calor intenso
2026-05-29,4,5,0,ninguna,26.1,37.9,14.3,0.0,105,test,regresion_lineal,116.91,-11.909999999999997,11.909999999999997,viernes,mayo,calor intenso
2026-05-30,5,5,0,ninguna,25.4,36.8,14.0,0.0,172,test,regresion_lineal,165.46,6.539999999999992,6.539999999999992,sábado,mayo,calor intenso
2026-05-31,6,5,0,ninguna,26.0,35.6,16.5,0.0,146,test,regresion_lineal,140.28,5.719999999999999,5.719999999999999,domingo,mayo,calor intenso
2026-06-03,2,6,0,ninguna,23.2,33.1,13.2,0.0,72,test,regresion_lineal,65.52,6.480000000000004,6.480000000000004,miércoles,junio,calor intenso
2026-06-04,3,6,0,ninguna,23.4,30.8,16.0,0.0,83,test,regresion_lineal,90.35,-7.349999999999994,7.349999999999994,jueves,junio,condiciones normales
2026-06-05,4,6,0,ninguna,22.5,30.8,14.2,0.0,137,test,regresion_lineal,118.54,18.459999999999997,18.459999999999997,viernes,junio,condiciones normales
2026-06-06,5,6,0,ninguna,23.4,33.1,13.8,0.0,174,test,regresion_lineal,165.88,8.120000000000005,8.120000000000005,sábado,junio,calor intenso
2026-06-07,6,6,0,ninguna,25.2,34.9,15.5,0.0,131,test,regresion_lineal,138.95,-7.949999999999989,7.949999999999989,domingo,junio,calor intenso
2026-06-10,2,6,0,ninguna,25.0,33.7,16.4,0.0,66,test,regresion_lineal,68.73,-2.730000000000004,2.730000000000004,miércoles,junio,calor intenso
2026-06-11,3,6,0,ninguna,26.0,36.2,15.7,0.0,85,test,regresion_lineal,88.35,-3.3499999999999943,3.3499999999999943,jueves,junio,calor intenso
2026-06-12,4,6,0,ninguna,26.8,35.9,17.7,0.0,139,test,regresion_lineal,120.73,18.27,18.27,viernes,junio,calor intenso
2026-06-13,5,6,0,ninguna,26.0,35.4,16.5,0.0,190,test,regresion_lineal,168.15,21.849999999999994,21.849999999999994,sábado,junio,calor intenso
2026-06-14,6,6,0,ninguna,27.5,36.5,18.5,6.6,105,test,regresion_lineal,106.87,-1.8700000000000043,1.8700000000000043,domingo,junio,lluvia apreciable
2026-06-17,2,6,0,ninguna,28.8,37.3,20.3,0.0,57,test,regresion_lineal,71.85,-14.849999999999994,14.849999999999994,miércoles,junio,calor intenso
2026-06-18,3,6,0,ninguna,28.8,36.6,21.0,0.0,71,test,regresion_lineal,93.93,-22.930000000000007,22.930000000000007,jueves,junio,calor intenso
2026-06-19,4,6,0,ninguna,29.6,38.5,20.8,0.0,141,test,regresion_lineal,123.23,17.769999999999996,17.769999999999996,viernes,junio,calor intenso
2026-06-20,5,6,0,ninguna,30.8,38.4,23.2,0.0,154,test,regresion_lineal,174.43,-20.430000000000007,20.430000000000007,sábado,junio,calor intenso
2026-06-21,6,6,0,ninguna,31.8,40.2,23.3,0.0,119,test,regresion_lineal,145.78,-26.78,26.78,domingo,junio,calor intenso
2026-06-24,2,6,0,ninguna,31.2,40.2,22.3,0.0,40,test,regresion_lineal,73.07,-33.06999999999999,33.06999999999999,miércoles,junio,calor intenso
2026-06-25,3,6,0,ninguna,27.2,33.5,20.9,0.0,91,test,regresion_lineal,94.81,-3.8100000000000014,3.8100000000000014,jueves,junio,calor intenso
2026-06-26,4,6,0,ninguna,25.8,35.0,16.5,0.0,144,test,regresion_lineal,119.75,24.25,24.25,viernes,junio,calor intenso
2026-06-27,5,6,0,ninguna,27.6,37.6,17.7,5.6,155,test,regresion_lineal,136.28,18.72,18.72,sábado,junio,lluvia apreciable
2026-06-28,6,6,0,ninguna,27.5,35.8,19.2,0.0,135,test,regresion_lineal,142.68,-7.680000000000007,7.680000000000007,domingo,junio,calor intenso
2026-07-01,2,7,0,ninguna,31.0,39.4,22.7,0.0,53,test,regresion_lineal,62.37,-9.369999999999996,9.369999999999996,miércoles,julio,calor intenso
2026-07-02,3,7,0,ninguna,26.9,35.9,17.9,0.0,87,test,regresion_lineal,79.41,7.590000000000003,7.590000000000003,jueves,julio,calor intenso
2026-07-03,4,7,0,ninguna,30.0,40.0,20.0,0.0,150,test,regresion_lineal,110.54,39.46,39.46,viernes,julio,calor intenso
2026-07-04,5,7,0,ninguna,30.7,41.0,20.4,0.0,169,test,regresion_lineal,159.19,9.810000000000002,9.810000000000002,sábado,julio,calor intenso
2026-07-05,6,7,0,ninguna,30.2,40.2,20.3,0.0,162,test,regresion_lineal,131.06,30.94,30.94,domingo,julio,calor intenso
2026-07-08,2,7,0,ninguna,28.6,39.8,17.5,0.0,71,test,regresion_lineal,56.61,14.39,14.39,miércoles,julio,calor intenso
2026-07-09,3,7,0,ninguna,28.4,39.3,17.5,0.0,97,test,regresion_lineal,77.9,19.099999999999994,19.099999999999994,jueves,julio,calor intenso
2026-07-10,4,7,0,ninguna,29.8,37.4,22.3,0.0,106,test,regresion_lineal,113.82,-7.819999999999993,7.819999999999993,viernes,julio,calor intenso
2026-07-11,5,7,0,ninguna,28.4,39.0,17.7,0.0,160,test,regresion_lineal,156.94,3.0600000000000023,3.0600000000000023,sábado,julio,calor intenso
2026-07-12,6,7,0,ninguna,28.8,34.8,22.7,0.0,148,test,regresion_lineal,135.45,12.550000000000011,12.550000000000011,domingo,julio,calor intenso
2026-07-15,2,7,0,ninguna,28.0,38.1,17.9,0.0,62,test,regresion_lineal,57.62,4.380000000000003,4.380000000000003,miércoles,julio,calor intenso
2026-07-16,3,7,0,ninguna,28.4,36.4,20.4,0.0,100,test,regresion_lineal,81.97,18.03,18.03,jueves,julio,calor intenso
2026-07-17,4,7,0,ninguna,25.8,36.4,15.2,0.0,140,test,regresion_lineal,106.48,33.52,33.52,viernes,julio,calor intenso
2026-07-18,5,7,0,ninguna,26.0,36.8,15.3,0.0,153,test,regresion_lineal,154.95,-1.9499999999999889,1.9499999999999889,sábado,julio,calor intenso
2026-07-19,6,7,0,ninguna,26.0,37.6,14.4,0.0,177,test,regresion_lineal,125.53,51.47,51.47,domingo,julio,calor intenso
2026-07-22,2,7,0,ninguna,29.5,39.6,19.4,0.0,70,test,regresion_lineal,58.77,11.229999999999997,11.229999999999997,miércoles,julio,calor intenso
2026-07-23,3,7,0,ninguna,28.7,38.8,18.6,0.0,79,test,regresion_lineal,79.25,-0.25,0.25,jueves,julio,calor intenso
2026-07-24,4,7,0,ninguna,26.1,33.9,18.3,0.0,124,test,regresion_lineal,110.63,13.370000000000005,13.370000000000005,viernes,julio,calor intenso
2026-07-25,5,7,0,ninguna,23.6,30.4,16.7,0.0,253,test,regresion_lineal,158.57,94.43,94.43,sábado,julio,condiciones normales
2026-07-26,6,7,0,ninguna,23.9,33.2,14.6,0.0,178,test,regresion_lineal,127.14,50.86,50.86,domingo,julio,calor intenso
2026-07-29,2,7,0,ninguna,30.6,39.7,21.4,0.0,53,test,regresion_lineal,60.95,-7.950000000000003,7.950000000000003,miércoles,julio,calor intenso
2026-07-30,3,7,0,ninguna,30.5,40.6,20.4,0.0,78,test,regresion_lineal,80.64,-2.640000000000001,2.640000000000001,jueves,julio,calor intenso
2026-07-31,4,7,0,ninguna,30.0,38.2,21.9,0.0,118,test,regresion_lineal,113.13,4.8700000000000045,4.8700000000000045,viernes,julio,calor intenso
2026-09-02,2,9,0,ninguna,26.0,37.2,14.8,0.0,65,test,regresion_lineal,50.13,14.869999999999996,14.869999999999996,miércoles,septiembre,calor intenso
2026-09-03,3,9,0,ninguna,27.2,39.0,15.5,0.0,61,test,regresion_lineal,71.38,-10.379999999999995,10.379999999999995,jueves,septiembre,calor intenso
2026-09-04,4,9,0,ninguna,27.0,39.6,14.5,0.0,91,test,regresion_lineal,100.26,-9.260000000000003,9.260000000000003,viernes,septiembre,calor intenso
2026-09-05,5,9,0,ninguna,28.9,38.2,19.6,0.0,146,test,regresion_lineal,154.81,-8.810000000000002,8.810000000000002,sábado,septiembre,calor intenso
2026-09-06,6,9,0,ninguna,29.5,38.4,20.6,0.0,117,test,regresion_lineal,127.59,-10.590000000000003,10.590000000000003,domingo,septiembre,calor intenso
2026-09-08,1,9,1,ninguna,27.0,36.4,17.7,0.2,58,test,regresion_lineal,64.0,-6.0,6.0,martes,septiembre,lluvia débil
2026-09-09,2,9,1,ninguna,22.0,28.9,15.2,0.0,69,test,regresion_lineal,60.23,8.770000000000003,8.770000000000003,miércoles,septiembre,condiciones normales
2026-09-10,3,9,0,ninguna,19.9,29.7,10.1,0.0,73,test,regresion_lineal,68.51,4.489999999999995,4.489999999999995,jueves,septiembre,condiciones normales
2026-09-11,4,9,0,ninguna,21.0,33.2,8.9,0.0,99,test,regresion_lineal,96.21,2.7900000000000063,2.7900000000000063,viernes,septiembre,calor intenso
2026-09-12,5,9,0,ninguna,24.4,34.6,14.2,0.0,152,test,regresion_lineal,150.09,1.9099999999999968,1.9099999999999968,sábado,septiembre,calor intenso
2026-09-13,6,9,0,ninguna,25.8,35.2,16.3,0.0,135,test,regresion_lineal,123.98,11.019999999999996,11.019999999999996,domingo,septiembre,calor intenso
2026-09-16,2,9,0,ninguna,25.8,36.6,15.0,0.0,59,test,regresion_lineal,50.54,8.46,8.46,miércoles,septiembre,calor intenso
2026-09-17,3,9,0,ninguna,25.8,36.6,15.0,0.0,81,test,regresion_lineal,71.64,9.36,9.36,jueves,septiembre,calor intenso
2026-09-18,4,9,0,ninguna,25.8,36.6,15.0,0.0,125,test,regresion_lineal,101.79,23.209999999999997,23.209999999999997,viernes,septiembre,calor intenso
2026-09-19,5,9,0,ninguna,25.8,36.6,15.0,0.0,142,test,regresion_lineal,150.32,-8.319999999999993,8.319999999999993,sábado,septiembre,calor intenso
2026-09-20,6,9,0,ninguna,25.8,36.6,15.0,0.0,127,test,regresion_lineal,122.09,4.909999999999997,4.909999999999997,domingo,septiembre,calor intenso
