fecha,dia_semana,n_clientes,prediccion,prediccion_baseline,empleados_intuicion,coste_intuicion,empleados_modelo,coste_modelo,empleados_oraculo,coste_oraculo
2026-01-01,3,65,57.7,70.59,4.0,0.0,4.0,0.0,4.0,0.0
2026-01-02,4,87,87.93,102.2,6.0,0.0,5.0,0.0,5.0,0.0
2026-01-03,5,123,138.2,148.15,9.0,0.0,8.0,0.0,7.0,0.0
2026-01-04,6,132,81.57,119.32,7.0,0.0,5.0,87.0,8.0,0.0
2026-01-05,0,45,18.65,50.1,3.0,0.0,3.0,0.0,3.0,0.0
2026-01-06,1,39,40.96,58.8,4.0,119.0,3.0,0.0,3.0,0.0
2026-01-07,2,55,27.94,50.95,3.0,0.0,3.0,0.0,4.0,0.0
2026-01-08,3,49,48.67,70.59,4.0,0.0,3.0,0.0,3.0,0.0
2026-01-09,4,145,82.46,102.2,6.0,7.25,5.0,181.25,9.0,0.0
2026-01-10,5,117,124.41,148.15,9.0,119.0,7.0,0.0,7.0,0.0
2026-01-11,6,115,94.58,119.32,7.0,0.0,6.0,0.0,7.0,0.0
2026-01-14,2,39,26.36,50.95,3.0,0.0,3.0,0.0,3.0,0.0
2026-01-15,3,49,34.46,70.59,4.0,0.0,3.0,0.0,3.0,0.0
2026-01-16,4,75,62.3,102.2,6.0,119.0,4.0,0.0,5.0,0.0
2026-01-17,5,99,96.44,148.15,9.0,238.0,6.0,0.0,6.0,0.0
2026-01-18,6,142,99.01,119.32,7.0,0.0,6.0,0.0,8.0,0.0
2026-01-21,2,33,8.38,50.95,3.0,0.0,3.0,0.0,3.0,0.0
2026-01-22,3,71,38.11,70.59,4.0,0.0,3.0,0.0,4.0,0.0
2026-01-23,4,77,68.37,102.2,6.0,0.0,4.0,0.0,5.0,0.0
2026-01-24,5,115,118.64,148.15,9.0,119.0,7.0,0.0,7.0,0.0
2026-01-25,6,90,97.95,119.32,7.0,119.0,6.0,0.0,5.0,0.0
2026-01-28,2,35,8.29,50.95,3.0,0.0,3.0,0.0,3.0,0.0
2026-01-29,3,45,32.36,70.59,4.0,119.0,3.0,0.0,3.0,0.0
2026-01-30,4,92,69.89,102.2,6.0,0.0,4.0,0.0,6.0,0.0
2026-01-31,5,121,130.07,148.15,9.0,0.0,8.0,0.0,7.0,0.0
2026-02-01,6,82,70.25,119.32,7.0,119.0,4.0,0.0,5.0,0.0
2026-02-04,2,35,16.94,50.95,3.0,0.0,3.0,0.0,3.0,0.0
2026-02-05,3,53,45.33,70.59,4.0,0.0,3.0,0.0,3.0,0.0
2026-02-06,4,70,81.2,102.2,6.0,119.0,5.0,0.0,4.0,0.0
2026-02-07,5,108,94.52,148.15,9.0,119.0,6.0,0.0,6.0,0.0
2026-02-08,6,111,85.8,119.32,7.0,0.0,5.0,0.0,7.0,0.0
2026-02-11,2,45,27.58,50.95,3.0,0.0,3.0,0.0,3.0,0.0
2026-02-12,3,59,43.71,70.59,4.0,0.0,3.0,0.0,4.0,0.0
2026-02-13,4,86,84.35,102.2,6.0,0.0,5.0,0.0,5.0,0.0
2026-02-14,5,137,132.52,148.15,9.0,0.0,8.0,0.0,8.0,0.0
2026-02-15,6,83,101.64,119.32,7.0,119.0,6.0,0.0,5.0,0.0
2026-02-18,2,54,32.87,50.95,3.0,0.0,3.0,0.0,3.0,0.0
2026-02-19,3,63,54.66,70.59,4.0,0.0,4.0,0.0,4.0,0.0
2026-02-20,4,80,81.29,102.2,6.0,0.0,5.0,0.0,5.0,0.0
2026-02-21,5,123,129.84,148.15,9.0,0.0,8.0,0.0,7.0,0.0
2026-02-22,6,88,102.13,119.32,7.0,119.0,6.0,0.0,5.0,0.0
2026-02-25,2,61,31.21,50.95,3.0,0.0,3.0,0.0,4.0,0.0
2026-02-26,3,83,52.63,70.59,4.0,0.0,3.0,79.75,5.0,0.0
2026-02-27,4,111,84.3,102.2,6.0,0.0,5.0,0.0,7.0,0.0
2026-02-28,5,143,135.95,148.15,9.0,0.0,8.0,0.0,8.0,0.0
2026-03-01,6,116,116.09,119.32,7.0,0.0,7.0,0.0,7.0,0.0
2026-03-04,2,52,41.52,50.95,3.0,0.0,3.0,0.0,3.0,0.0
2026-03-05,3,54,44.96,70.59,4.0,0.0,3.0,0.0,3.0,0.0
2026-03-06,4,93,88.06,102.2,6.0,0.0,5.0,0.0,6.0,0.0
2026-03-07,5,175,128.83,148.15,9.0,0.0,8.0,0.0,10.0,0.0
2026-03-08,6,123,116.85,119.32,7.0,0.0,7.0,0.0,7.0,0.0
2026-03-11,2,64,42.82,50.95,3.0,0.0,3.0,0.0,4.0,0.0
2026-03-12,3,83,61.36,70.59,4.0,0.0,4.0,0.0,5.0,0.0
2026-03-13,4,91,91.44,102.2,6.0,0.0,6.0,0.0,6.0,0.0
2026-03-14,5,154,146.92,148.15,9.0,0.0,9.0,0.0,9.0,0.0
2026-03-15,6,133,114.36,119.32,7.0,0.0,7.0,0.0,8.0,0.0
2026-03-18,2,52,40.82,50.95,3.0,0.0,3.0,0.0,3.0,0.0
2026-03-19,3,78,61.91,70.59,4.0,0.0,4.0,0.0,5.0,0.0
2026-03-20,4,108,83.95,102.2,6.0,0.0,5.0,0.0,6.0,0.0
2026-03-21,5,140,138.29,148.15,9.0,0.0,8.0,0.0,8.0,0.0
2026-03-22,6,131,109.59,119.32,7.0,0.0,7.0,0.0,8.0,0.0
2026-03-25,2,52,38.66,50.95,3.0,0.0,3.0,0.0,3.0,0.0
2026-03-26,3,89,62.97,70.59,4.0,0.0,4.0,0.0,5.0,0.0
2026-03-27,4,108,89.76,102.2,6.0,0.0,5.0,0.0,6.0,0.0
2026-03-28,5,142,140.4,148.15,9.0,0.0,8.0,0.0,8.0,0.0
2026-03-29,6,138,137.61,119.32,7.0,0.0,8.0,0.0,8.0,0.0
2026-03-30,0,58,54.94,50.1,3.0,0.0,4.0,0.0,4.0,0.0
2026-03-31,1,58,76.67,58.8,4.0,0.0,5.0,119.0,4.0,0.0
2026-04-01,2,67,73.72,50.95,3.0,0.0,5.0,0.0,4.0,0.0
2026-04-02,3,124,102.74,70.59,4.0,203.0,6.0,0.0,7.0,0.0
2026-04-03,4,181,127.54,102.2,6.0,268.25,8.0,0.0,10.0,0.0
2026-04-04,5,247,172.54,148.15,9.0,224.75,10.0,0.0,10.0,0.0
2026-04-05,6,194,144.02,119.32,7.0,188.5,9.0,0.0,10.0,0.0
2026-04-06,0,60,68.6,50.1,3.0,0.0,4.0,0.0,4.0,0.0
2026-04-07,1,74,74.16,58.8,4.0,0.0,5.0,0.0,5.0,0.0
2026-04-08,2,73,78.47,50.95,3.0,7.25,5.0,0.0,5.0,0.0
2026-04-09,3,118,94.46,70.59,4.0,159.5,6.0,0.0,7.0,0.0
2026-04-10,4,175,129.3,102.2,6.0,224.75,8.0,0.0,10.0,0.0
2026-04-11,5,277,164.3,148.15,9.0,442.25,10.0,0.0,10.0,0.0
2026-04-12,6,148,132.74,119.32,7.0,0.0,8.0,0.0,9.0,0.0
2026-04-15,2,65,47.02,50.95,3.0,0.0,3.0,0.0,4.0,0.0
2026-04-16,3,72,69.0,70.59,4.0,0.0,4.0,0.0,4.0,0.0
2026-04-17,4,112,98.4,102.2,6.0,0.0,6.0,0.0,7.0,0.0
2026-04-18,5,156,148.06,148.15,9.0,0.0,9.0,0.0,9.0,0.0
2026-04-19,6,131,122.35,119.32,7.0,0.0,7.0,0.0,8.0,0.0
2026-04-22,2,57,52.26,50.95,3.0,0.0,3.0,0.0,4.0,0.0
2026-04-23,3,69,53.12,70.59,4.0,0.0,3.0,0.0,4.0,0.0
2026-04-24,4,126,105.84,102.2,6.0,0.0,6.0,0.0,7.0,0.0
2026-04-25,5,154,155.1,148.15,9.0,0.0,9.0,0.0,9.0,0.0
2026-04-26,6,149,122.61,119.32,7.0,0.0,7.0,0.0,9.0,0.0
2026-04-29,2,44,37.3,50.95,3.0,0.0,3.0,0.0,3.0,0.0
2026-04-30,3,94,72.59,70.59,4.0,0.0,5.0,0.0,6.0,0.0
2026-05-01,4,137,120.13,102.2,6.0,0.0,7.0,0.0,8.0,0.0
2026-05-02,5,106,136.64,148.15,9.0,119.0,8.0,0.0,6.0,0.0
2026-05-03,6,174,140.29,119.32,7.0,43.5,8.0,0.0,10.0,0.0
2026-05-06,2,68,60.4,50.95,3.0,0.0,4.0,0.0,4.0,0.0
2026-05-07,3,88,67.13,70.59,4.0,0.0,4.0,0.0,5.0,0.0
2026-05-08,4,105,101.05,102.2,6.0,0.0,6.0,0.0,6.0,0.0
2026-05-09,5,151,122.12,148.15,9.0,0.0,7.0,0.0,9.0,0.0
2026-05-10,6,156,113.25,119.32,7.0,0.0,7.0,0.0,9.0,0.0
2026-05-13,2,59,63.31,50.95,3.0,0.0,4.0,0.0,4.0,0.0
2026-05-14,3,81,85.54,70.59,4.0,0.0,5.0,0.0,5.0,0.0
2026-05-15,4,109,114.8,102.2,6.0,0.0,7.0,0.0,7.0,0.0
2026-05-16,5,218,159.12,148.15,9.0,14.5,9.0,14.5,10.0,0.0
2026-05-17,6,102,108.07,119.32,7.0,0.0,7.0,0.0,6.0,0.0
2026-05-20,2,57,63.52,50.95,3.0,0.0,4.0,0.0,4.0,0.0
2026-05-21,3,60,87.14,70.59,4.0,0.0,5.0,119.0,4.0,0.0
2026-05-22,4,138,118.27,102.2,6.0,0.0,7.0,0.0,8.0,0.0
2026-05-23,5,197,167.59,148.15,9.0,0.0,10.0,0.0,10.0,0.0
2026-05-24,6,168,140.96,119.32,7.0,0.0,8.0,0.0,10.0,0.0
2026-05-27,2,68,65.21,50.95,3.0,0.0,4.0,0.0,4.0,0.0
2026-05-28,3,70,86.42,70.59,4.0,0.0,5.0,0.0,4.0,0.0
2026-05-29,4,105,116.91,102.2,6.0,0.0,7.0,0.0,6.0,0.0
2026-05-30,5,172,165.46,148.15,9.0,0.0,10.0,0.0,10.0,0.0
2026-05-31,6,146,140.28,119.32,7.0,0.0,8.0,0.0,9.0,0.0
2026-06-03,2,72,65.52,50.95,3.0,0.0,4.0,0.0,4.0,0.0
2026-06-04,3,83,90.35,70.59,4.0,0.0,6.0,0.0,5.0,0.0
2026-06-05,4,137,118.54,102.2,6.0,0.0,7.0,0.0,8.0,0.0
2026-06-06,5,174,165.88,148.15,9.0,0.0,10.0,0.0,10.0,0.0
2026-06-07,6,131,138.95,119.32,7.0,0.0,8.0,0.0,8.0,0.0
2026-06-10,2,66,68.73,50.95,3.0,0.0,4.0,0.0,4.0,0.0
2026-06-11,3,85,88.35,70.59,4.0,0.0,5.0,0.0,5.0,0.0
2026-06-12,4,139,120.73,102.2,6.0,0.0,7.0,0.0,8.0,0.0
2026-06-13,5,190,168.15,148.15,9.0,0.0,10.0,0.0,10.0,0.0
2026-06-14,6,105,106.87,119.32,7.0,0.0,6.0,0.0,6.0,0.0
2026-06-17,2,57,71.85,50.95,3.0,0.0,4.0,0.0,4.0,0.0
2026-06-18,3,71,93.93,70.59,4.0,0.0,6.0,119.0,4.0,0.0
2026-06-19,4,141,123.23,102.2,6.0,0.0,7.0,0.0,8.0,0.0
2026-06-20,5,154,174.43,148.15,9.0,0.0,10.0,0.0,9.0,0.0
2026-06-21,6,119,145.78,119.32,7.0,0.0,9.0,119.0,7.0,0.0
2026-06-24,2,40,73.07,50.95,3.0,0.0,5.0,238.0,3.0,0.0
2026-06-25,3,91,94.81,70.59,4.0,0.0,6.0,0.0,6.0,0.0
2026-06-26,4,144,119.75,102.2,6.0,0.0,7.0,0.0,8.0,0.0
2026-06-27,5,155,136.28,148.15,9.0,0.0,8.0,0.0,9.0,0.0
2026-06-28,6,135,142.68,119.32,7.0,0.0,8.0,0.0,8.0,0.0
2026-07-01,2,53,62.37,50.95,3.0,0.0,4.0,0.0,3.0,0.0
2026-07-02,3,87,79.41,70.59,4.0,0.0,5.0,0.0,5.0,0.0
2026-07-03,4,150,110.54,102.2,6.0,43.5,7.0,0.0,9.0,0.0
2026-07-04,5,169,159.19,148.15,9.0,0.0,9.0,0.0,10.0,0.0
2026-07-05,6,162,131.06,119.32,7.0,0.0,8.0,0.0,9.0,0.0
2026-07-08,2,71,56.61,50.95,3.0,0.0,4.0,0.0,4.0,0.0
2026-07-09,3,97,77.9,70.59,4.0,7.25,5.0,0.0,6.0,0.0
2026-07-10,4,106,113.82,102.2,6.0,0.0,7.0,0.0,6.0,0.0
2026-07-11,5,160,156.94,148.15,9.0,0.0,9.0,0.0,9.0,0.0
2026-07-12,6,148,135.45,119.32,7.0,0.0,8.0,0.0,9.0,0.0
2026-07-15,2,62,57.62,50.95,3.0,0.0,4.0,0.0,4.0,0.0
2026-07-16,3,100,81.97,70.59,4.0,29.0,5.0,0.0,6.0,0.0
2026-07-17,4,140,106.48,102.2,6.0,0.0,6.0,0.0,8.0,0.0
2026-07-18,5,153,154.95,148.15,9.0,0.0,9.0,0.0,9.0,0.0
2026-07-19,6,177,125.53,119.32,7.0,65.25,7.0,65.25,10.0,0.0
2026-07-22,2,70,58.77,50.95,3.0,0.0,4.0,0.0,4.0,0.0
2026-07-23,3,79,79.25,70.59,4.0,0.0,5.0,0.0,5.0,0.0
2026-07-24,4,124,110.63,102.2,6.0,0.0,7.0,0.0,7.0,0.0
2026-07-25,5,253,158.57,148.15,9.0,268.25,9.0,268.25,10.0,0.0
2026-07-26,6,178,127.14,119.32,7.0,72.5,8.0,0.0,10.0,0.0
2026-07-29,2,53,60.95,50.95,3.0,0.0,4.0,0.0,3.0,0.0
2026-07-30,3,78,80.64,70.59,4.0,0.0,5.0,0.0,5.0,0.0
2026-07-31,4,118,113.13,102.2,6.0,0.0,7.0,0.0,7.0,0.0
2026-09-02,2,65,50.13,50.95,3.0,0.0,3.0,0.0,4.0,0.0
2026-09-03,3,61,71.38,70.59,4.0,0.0,4.0,0.0,4.0,0.0
2026-09-04,4,91,100.26,102.2,6.0,0.0,6.0,0.0,6.0,0.0
2026-09-05,5,146,154.81,148.15,9.0,0.0,9.0,0.0,9.0,0.0
2026-09-06,6,117,127.59,119.32,7.0,0.0,8.0,0.0,7.0,0.0
2026-09-08,1,58,64.0,58.8,4.0,0.0,4.0,0.0,4.0,0.0
2026-09-09,2,69,60.23,50.95,3.0,0.0,4.0,0.0,4.0,0.0
2026-09-10,3,73,68.51,70.59,4.0,0.0,4.0,0.0,5.0,0.0
2026-09-11,4,99,96.21,102.2,6.0,0.0,6.0,0.0,6.0,0.0
2026-09-12,5,152,150.09,148.15,9.0,0.0,9.0,0.0,9.0,0.0
2026-09-13,6,135,123.98,119.32,7.0,0.0,7.0,0.0,8.0,0.0
2026-09-16,2,59,50.54,50.95,3.0,0.0,3.0,0.0,4.0,0.0
2026-09-17,3,81,71.64,70.59,4.0,0.0,4.0,0.0,5.0,0.0
2026-09-18,4,125,101.79,102.2,6.0,0.0,6.0,0.0,7.0,0.0
2026-09-19,5,142,150.32,148.15,9.0,0.0,9.0,0.0,8.0,0.0
2026-09-20,6,127,122.09,119.32,7.0,0.0,7.0,0.0,8.0,0.0
