desde,hasta,dias,sesgo,error_absoluto,empleados_de_sesgo,fiable,aviso
2026-01-01,2026-01-28,22,15.26,18.63,0.85,True,True
2026-01-29,2026-02-25,20,7.39,13.51,0.41,True,False
2026-02-26,2026-03-25,20,14.83,14.89,0.82,True,True
2026-03-26,2026-04-22,24,19.25,22.55,1.07,True,True
2026-04-23,2026-05-20,20,12.25,18.15,0.68,True,True
2026-05-21,2026-06-17,20,3.54,12.9,0.2,True,False
2026-06-18,2026-07-15,20,3.51,16.7,0.19,True,False
2026-07-16,2026-07-31,12,22.08,24.21,1.23,True,True
2026-09-02,2026-09-09,7,-3.06,9.81,-0.17,False,False
2026-09-10,2026-09-20,9,6.43,8.27,0.36,False,False
