fecha,dia_semana,mes,es_festivo,tipo_vacaciones,tmed,tmax,tmin,prec,n_clientes,conjunto,modelo,prediccion,error,error_absoluto
2026-01-01,3,1,1,navidad,0.6,5.0,-3.8,0.2,65,test,hist_gradient_boosting,50.81,14.189999999999998,14.189999999999998
2026-01-02,4,1,0,navidad,8.0,11.3,4.6,0.2,87,test,hist_gradient_boosting,83.37,3.6299999999999955,3.6299999999999955
2026-01-03,5,1,0,navidad,9.8,14.0,5.7,0.0,123,test,hist_gradient_boosting,117.98,5.019999999999996,5.019999999999996
2026-01-04,6,1,0,navidad,8.9,13.6,4.2,3.8,132,test,hist_gradient_boosting,95.45,36.55,36.55
2026-01-05,0,1,0,navidad,2.7,6.2,-0.8,1.4,45,test,hist_gradient_boosting,33.04,11.96,11.96
2026-01-06,1,1,1,navidad,0.8,6.7,-5.2,0.0,39,test,hist_gradient_boosting,48.4,-9.399999999999999,9.399999999999999
2026-01-07,2,1,0,navidad,2.0,9.3,-5.4,0.0,55,test,hist_gradient_boosting,35.8,19.200000000000003,19.200000000000003
2026-01-08,3,1,0,ninguna,2.4,5.4,-0.6,0.0,49,test,hist_gradient_boosting,41.76,7.240000000000002,7.240000000000002
2026-01-09,4,1,0,ninguna,9.6,14.0,5.3,0.0,145,test,hist_gradient_boosting,89.74,55.260000000000005,55.260000000000005
2026-01-10,5,1,0,ninguna,5.5,12.3,-1.3,0.0,117,test,hist_gradient_boosting,112.19,4.810000000000002,4.810000000000002
2026-01-11,6,1,0,ninguna,4.6,12.1,-2.8,0.0,115,test,hist_gradient_boosting,79.31,35.69,35.69
2026-01-14,2,1,0,ninguna,6.2,12.2,0.3,0.0,39,test,hist_gradient_boosting,48.25,-9.25,9.25
2026-01-15,3,1,0,ninguna,4.2,9.3,-0.9,3.8,49,test,hist_gradient_boosting,48.55,0.45000000000000284,0.45000000000000284
2026-01-16,4,1,0,ninguna,7.8,11.6,3.9,10.2,75,test,hist_gradient_boosting,75.82,-0.8199999999999932,0.8199999999999932
2026-01-17,5,1,0,ninguna,4.0,5.8,2.3,6.2,99,test,hist_gradient_boosting,113.84,-14.840000000000003,14.840000000000003
2026-01-18,6,1,0,ninguna,6.0,11.0,0.9,0.0,142,test,hist_gradient_boosting,91.01,50.989999999999995,50.989999999999995
2026-01-21,2,1,0,ninguna,3.8,8.8,-1.1,7.8,33,test,hist_gradient_boosting,27.9,5.100000000000001,5.100000000000001
2026-01-22,3,1,0,ninguna,6.6,10.0,3.3,4.2,71,test,hist_gradient_boosting,53.1,17.9,17.9
2026-01-23,4,1,0,ninguna,6.1,9.1,3.1,4.2,77,test,hist_gradient_boosting,74.75,2.25,2.25
2026-01-24,5,1,0,ninguna,4.2,7.2,1.2,0.8,115,test,hist_gradient_boosting,104.98,10.019999999999996,10.019999999999996
2026-01-25,6,1,0,ninguna,7.6,12.0,3.1,0.2,90,test,hist_gradient_boosting,107.43,-17.430000000000007,17.430000000000007
2026-01-28,2,1,0,ninguna,7.0,11.3,2.6,12.4,35,test,hist_gradient_boosting,31.49,3.5100000000000016,3.5100000000000016
2026-01-29,3,1,0,ninguna,10.0,13.0,7.0,14.6,45,test,hist_gradient_boosting,34.53,10.469999999999999,10.469999999999999
2026-01-30,4,1,0,ninguna,8.4,10.8,6.1,5.0,92,test,hist_gradient_boosting,84.96,7.040000000000006,7.040000000000006
2026-01-31,5,1,0,ninguna,8.4,12.8,4.1,0.0,121,test,hist_gradient_boosting,125.52,-4.519999999999996,4.519999999999996
2026-02-01,6,2,0,ninguna,6.9,9.8,4.0,8.2,82,test,hist_gradient_boosting,62.64,19.36,19.36
2026-02-04,2,2,0,ninguna,7.4,10.8,4.1,10.4,35,test,hist_gradient_boosting,41.41,-6.409999999999997,6.409999999999997
2026-02-05,3,2,0,ninguna,11.2,14.4,8.0,5.8,53,test,hist_gradient_boosting,62.42,-9.420000000000002,9.420000000000002
2026-02-06,4,2,0,ninguna,7.5,9.7,5.3,1.8,70,test,hist_gradient_boosting,92.33,-22.33,22.33
2026-02-07,5,2,0,ninguna,6.4,8.0,4.8,11.6,108,test,hist_gradient_boosting,113.34,-5.340000000000003,5.340000000000003
2026-02-08,6,2,0,ninguna,8.8,11.9,5.8,3.0,111,test,hist_gradient_boosting,77.97,33.03,33.03
2026-02-11,2,2,0,ninguna,13.4,15.2,11.5,6.0,45,test,hist_gradient_boosting,45.88,-0.8800000000000026,0.8800000000000026
2026-02-12,3,2,0,ninguna,11.0,13.9,8.1,7.6,59,test,hist_gradient_boosting,49.72,9.280000000000001,9.280000000000001
2026-02-13,4,2,0,ninguna,9.8,11.9,7.7,1.4,86,test,hist_gradient_boosting,92.05,-6.049999999999997,6.049999999999997
2026-02-14,5,2,0,ninguna,6.8,12.6,1.1,0.0,137,test,hist_gradient_boosting,107.57,29.430000000000007,29.430000000000007
2026-02-15,6,2,0,ninguna,7.0,14.8,-0.7,0.0,83,test,hist_gradient_boosting,73.27,9.730000000000004,9.730000000000004
2026-02-18,2,2,0,ninguna,9.6,12.8,6.4,1.0,54,test,hist_gradient_boosting,50.07,3.9299999999999997,3.9299999999999997
2026-02-19,3,2,0,ninguna,7.6,13.2,2.0,0.0,63,test,hist_gradient_boosting,59.4,3.6000000000000014,3.6000000000000014
2026-02-20,4,2,0,ninguna,8.3,16.8,-0.2,0.0,80,test,hist_gradient_boosting,80.25,-0.25,0.25
2026-02-21,5,2,0,ninguna,10.7,20.5,0.9,0.0,123,test,hist_gradient_boosting,161.58,-38.58000000000001,38.58000000000001
2026-02-22,6,2,0,ninguna,11.2,20.9,1.5,0.0,88,test,hist_gradient_boosting,92.07,-4.069999999999993,4.069999999999993
2026-02-25,2,2,0,ninguna,13.2,23.5,2.8,0.0,61,test,hist_gradient_boosting,42.55,18.450000000000003,18.450000000000003
2026-02-26,3,2,0,ninguna,13.8,24.3,3.4,0.0,83,test,hist_gradient_boosting,69.34,13.659999999999997,13.659999999999997
2026-02-27,4,2,0,ninguna,12.4,21.0,3.8,0.0,111,test,hist_gradient_boosting,102.01,8.989999999999995,8.989999999999995
2026-02-28,5,2,0,ninguna,13.0,19.7,6.3,0.0,143,test,hist_gradient_boosting,154.13,-11.129999999999995,11.129999999999995
2026-03-01,6,3,0,ninguna,11.5,16.1,6.9,0.0,116,test,hist_gradient_boosting,120.92,-4.920000000000002,4.920000000000002
2026-03-04,2,3,0,ninguna,11.4,18.1,4.7,0.0,52,test,hist_gradient_boosting,48.08,3.9200000000000017,3.9200000000000017
2026-03-05,3,3,0,ninguna,13.6,18.6,8.6,13.8,54,test,hist_gradient_boosting,42.45,11.549999999999997,11.549999999999997
2026-03-06,4,3,0,ninguna,10.3,11.5,9.1,3.2,93,test,hist_gradient_boosting,91.29,1.7099999999999937,1.7099999999999937
2026-03-07,5,3,0,ninguna,10.8,13.4,8.1,1.8,175,test,hist_gradient_boosting,144.88,30.120000000000005,30.120000000000005
2026-03-08,6,3,0,ninguna,11.4,15.4,7.4,0.0,123,test,hist_gradient_boosting,109.23,13.769999999999996,13.769999999999996
2026-03-11,2,3,0,ninguna,11.0,16.6,5.5,0.0,64,test,hist_gradient_boosting,46.71,17.29,17.29
2026-03-12,3,3,0,ninguna,11.4,19.0,3.8,0.0,83,test,hist_gradient_boosting,57.55,25.450000000000003,25.450000000000003
2026-03-13,4,3,0,ninguna,11.4,19.0,3.7,0.0,91,test,hist_gradient_boosting,90.75,0.25,0.25
2026-03-14,5,3,0,ninguna,12.6,15.9,9.2,0.0,154,test,hist_gradient_boosting,145.91,8.090000000000003,8.090000000000003
2026-03-15,6,3,0,ninguna,10.8,16.2,5.3,0.0,133,test,hist_gradient_boosting,118.74,14.260000000000005,14.260000000000005
2026-03-18,2,3,0,ninguna,12.4,20.1,4.6,0.0,52,test,hist_gradient_boosting,48.11,3.8900000000000006,3.8900000000000006
2026-03-19,3,3,0,ninguna,12.3,20.0,4.6,0.0,78,test,hist_gradient_boosting,62.65,15.350000000000001,15.350000000000001
2026-03-20,4,3,0,ninguna,9.8,12.7,7.0,4.0,108,test,hist_gradient_boosting,81.94,26.060000000000002,26.060000000000002
2026-03-21,5,3,0,ninguna,9.9,13.8,6.0,0.4,140,test,hist_gradient_boosting,125.4,14.599999999999994,14.599999999999994
2026-03-22,6,3,0,ninguna,10.8,19.6,1.9,0.0,131,test,hist_gradient_boosting,109.91,21.090000000000003,21.090000000000003
2026-03-25,2,3,0,ninguna,13.6,23.5,3.6,0.0,52,test,hist_gradient_boosting,46.74,5.259999999999998,5.259999999999998
2026-03-26,3,3,0,ninguna,11.4,17.8,4.9,0.0,89,test,hist_gradient_boosting,57.28,31.72,31.72
2026-03-27,4,3,0,ninguna,10.4,18.7,2.1,0.0,108,test,hist_gradient_boosting,95.63,12.370000000000005,12.370000000000005
2026-03-28,5,3,0,ninguna,11.6,19.1,4.2,0.0,142,test,hist_gradient_boosting,148.23,-6.22999999999999,6.22999999999999
2026-03-29,6,3,0,semana_santa,8.4,15.2,1.7,0.0,138,test,hist_gradient_boosting,101.25,36.75,36.75
2026-03-30,0,3,0,semana_santa,10.3,20.2,0.4,0.0,58,test,hist_gradient_boosting,56.79,1.2100000000000009,1.2100000000000009
2026-03-31,1,3,0,semana_santa,16.2,23.1,9.2,0.0,58,test,hist_gradient_boosting,89.34,-31.340000000000003,31.340000000000003
2026-04-01,2,4,0,semana_santa,12.6,20.4,4.9,0.0,67,test,hist_gradient_boosting,65.85,1.1500000000000057,1.1500000000000057
2026-04-02,3,4,1,semana_santa,12.7,19.9,5.5,0.0,124,test,hist_gradient_boosting,102.1,21.900000000000006,21.900000000000006
2026-04-03,4,4,1,semana_santa,12.4,23.3,1.6,0.0,181,test,hist_gradient_boosting,109.64,71.36,71.36
2026-04-04,5,4,0,semana_santa,15.0,24.7,5.2,0.0,247,test,hist_gradient_boosting,166.45,80.55000000000001,80.55000000000001
2026-04-05,6,4,0,semana_santa,17.0,28.1,6.0,0.0,194,test,hist_gradient_boosting,148.01,45.99000000000001,45.99000000000001
2026-04-06,0,4,0,semana_santa,18.3,27.0,9.6,0.0,60,test,hist_gradient_boosting,82.92,-22.92,22.92
2026-04-07,1,4,0,semana_santa,17.8,23.9,11.7,2.8,74,test,hist_gradient_boosting,77.7,-3.700000000000003,3.700000000000003
2026-04-08,2,4,0,semana_santa,13.4,18.2,8.6,0.0,73,test,hist_gradient_boosting,66.35,6.650000000000006,6.650000000000006
2026-04-09,3,4,0,semana_santa,16.6,26.8,6.4,0.0,118,test,hist_gradient_boosting,95.41,22.590000000000003,22.590000000000003
2026-04-10,4,4,0,semana_santa,20.8,30.0,11.7,0.0,175,test,hist_gradient_boosting,118.68,56.31999999999999,56.31999999999999
2026-04-11,5,4,0,semana_santa,17.7,23.1,12.3,1.6,277,test,hist_gradient_boosting,168.75,108.25,108.25
2026-04-12,6,4,0,semana_santa,12.2,16.0,8.3,1.8,148,test,hist_gradient_boosting,125.34,22.659999999999997,22.659999999999997
2026-04-15,2,4,0,ninguna,15.8,25.2,6.5,0.0,65,test,hist_gradient_boosting,53.32,11.68,11.68
2026-04-16,3,4,0,ninguna,17.4,27.0,7.8,0.0,72,test,hist_gradient_boosting,86.8,-14.799999999999997,14.799999999999997
2026-04-17,4,4,0,ninguna,17.8,28.1,7.4,0.0,112,test,hist_gradient_boosting,101.04,10.959999999999994,10.959999999999994
2026-04-18,5,4,0,ninguna,18.8,28.9,8.7,0.0,156,test,hist_gradient_boosting,149.24,6.759999999999991,6.759999999999991
2026-04-19,6,4,0,ninguna,19.9,28.8,11.0,0.0,131,test,hist_gradient_boosting,138.02,-7.02000000000001,7.02000000000001
2026-04-22,2,4,0,ninguna,18.7,25.9,11.5,0.0,57,test,hist_gradient_boosting,53.66,3.3400000000000034,3.3400000000000034
2026-04-23,3,4,0,ninguna,18.8,28.2,9.3,7.4,69,test,hist_gradient_boosting,68.55,0.45000000000000284,0.45000000000000284
2026-04-24,4,4,0,ninguna,19.0,24.7,13.3,0.0,126,test,hist_gradient_boosting,107.15,18.849999999999994,18.849999999999994
2026-04-25,5,4,0,ninguna,20.4,26.3,14.4,0.0,154,test,hist_gradient_boosting,177.25,-23.25,23.25
2026-04-26,6,4,0,ninguna,19.6,28.1,11.0,0.0,149,test,hist_gradient_boosting,139.36,9.639999999999986,9.639999999999986
2026-04-29,2,4,0,ninguna,17.8,22.0,13.5,8.8,44,test,hist_gradient_boosting,37.98,6.020000000000003,6.020000000000003
2026-04-30,3,4,0,ninguna,17.6,24.7,10.4,0.0,94,test,hist_gradient_boosting,81.13,12.870000000000005,12.870000000000005
2026-05-01,4,5,1,ninguna,17.8,26.8,8.9,0.2,137,test,hist_gradient_boosting,123.52,13.480000000000004,13.480000000000004
2026-05-02,5,5,1,ninguna,17.8,21.9,13.6,9.4,106,test,hist_gradient_boosting,145.35,-39.349999999999994,39.349999999999994
2026-05-03,6,5,0,ninguna,16.8,21.3,12.3,0.0,174,test,hist_gradient_boosting,146.26,27.74000000000001,27.74000000000001
2026-05-06,2,5,0,ninguna,13.6,22.3,4.9,0.0,68,test,hist_gradient_boosting,61.89,6.109999999999999,6.109999999999999
2026-05-07,3,5,0,ninguna,14.0,18.5,9.5,11.8,88,test,hist_gradient_boosting,58.28,29.72,29.72
2026-05-08,4,5,0,ninguna,14.6,21.5,7.7,4.6,105,test,hist_gradient_boosting,108.65,-3.6500000000000057,3.6500000000000057
2026-05-09,5,5,0,ninguna,14.8,18.3,11.3,13.8,151,test,hist_gradient_boosting,135.36,15.639999999999986,15.639999999999986
2026-05-10,6,5,0,ninguna,12.8,16.2,9.3,3.4,156,test,hist_gradient_boosting,117.94,38.06,38.06
2026-05-13,2,5,0,ninguna,14.2,21.2,7.3,0.0,59,test,hist_gradient_boosting,58.63,0.36999999999999744,0.36999999999999744
2026-05-14,3,5,0,ninguna,16.4,23.7,9.0,0.0,81,test,hist_gradient_boosting,82.97,-1.9699999999999989,1.9699999999999989
2026-05-15,4,5,0,ninguna,13.6,20.0,7.1,0.0,109,test,hist_gradient_boosting,106.33,2.6700000000000017,2.6700000000000017
2026-05-16,5,5,0,ninguna,13.5,22.9,4.1,0.0,218,test,hist_gradient_boosting,169.48,48.52000000000001,48.52000000000001
2026-05-17,6,5,0,ninguna,16.4,24.4,8.3,3.8,102,test,hist_gradient_boosting,136.96,-34.96000000000001,34.96000000000001
2026-05-20,2,5,0,ninguna,21.4,32.2,10.7,0.0,57,test,hist_gradient_boosting,45.41,11.590000000000003,11.590000000000003
2026-05-21,3,5,0,ninguna,23.5,33.6,13.4,0.0,60,test,hist_gradient_boosting,70.63,-10.629999999999995,10.629999999999995
2026-05-22,4,5,0,ninguna,23.4,32.7,14.0,0.0,138,test,hist_gradient_boosting,103.08,34.92,34.92
2026-05-23,5,5,0,ninguna,24.8,34.4,15.3,0.0,197,test,hist_gradient_boosting,206.0,-9.0,9.0
2026-05-24,6,5,0,ninguna,24.6,32.9,16.3,0.0,168,test,hist_gradient_boosting,152.8,15.199999999999989,15.199999999999989
2026-05-27,2,5,0,ninguna,24.6,35.9,13.3,0.0,68,test,hist_gradient_boosting,68.01,-0.010000000000005116,0.010000000000005116
2026-05-28,3,5,0,ninguna,25.2,36.7,13.6,0.0,70,test,hist_gradient_boosting,93.7,-23.700000000000003,23.700000000000003
2026-05-29,4,5,0,ninguna,26.1,37.9,14.3,0.0,105,test,hist_gradient_boosting,112.68,-7.680000000000007,7.680000000000007
2026-05-30,5,5,0,ninguna,25.4,36.8,14.0,0.0,172,test,hist_gradient_boosting,215.44,-43.44,43.44
2026-05-31,6,5,0,ninguna,26.0,35.6,16.5,0.0,146,test,hist_gradient_boosting,136.57,9.430000000000007,9.430000000000007
2026-06-03,2,6,0,ninguna,23.2,33.1,13.2,0.0,72,test,hist_gradient_boosting,70.61,1.3900000000000006,1.3900000000000006
2026-06-04,3,6,0,ninguna,23.4,30.8,16.0,0.0,83,test,hist_gradient_boosting,79.99,3.010000000000005,3.010000000000005
2026-06-05,4,6,0,ninguna,22.5,30.8,14.2,0.0,137,test,hist_gradient_boosting,132.52,4.47999999999999,4.47999999999999
2026-06-06,5,6,0,ninguna,23.4,33.1,13.8,0.0,174,test,hist_gradient_boosting,212.28,-38.28,38.28
2026-06-07,6,6,0,ninguna,25.2,34.9,15.5,0.0,131,test,hist_gradient_boosting,145.27,-14.27000000000001,14.27000000000001
2026-06-10,2,6,0,ninguna,25.0,33.7,16.4,0.0,66,test,hist_gradient_boosting,52.79,13.21,13.21
2026-06-11,3,6,0,ninguna,26.0,36.2,15.7,0.0,85,test,hist_gradient_boosting,79.73,5.269999999999996,5.269999999999996
2026-06-12,4,6,0,ninguna,26.8,35.9,17.7,0.0,139,test,hist_gradient_boosting,115.33,23.67,23.67
2026-06-13,5,6,0,ninguna,26.0,35.4,16.5,0.0,190,test,hist_gradient_boosting,190.12,-0.12000000000000455,0.12000000000000455
2026-06-14,6,6,0,ninguna,27.5,36.5,18.5,6.6,105,test,hist_gradient_boosting,117.55,-12.549999999999997,12.549999999999997
2026-06-17,2,6,0,ninguna,28.8,37.3,20.3,0.0,57,test,hist_gradient_boosting,44.1,12.899999999999999,12.899999999999999
2026-06-18,3,6,0,ninguna,28.8,36.6,21.0,0.0,71,test,hist_gradient_boosting,70.99,0.010000000000005116,0.010000000000005116
2026-06-19,4,6,0,ninguna,29.6,38.5,20.8,0.0,141,test,hist_gradient_boosting,94.43,46.56999999999999,46.56999999999999
2026-06-20,5,6,0,ninguna,30.8,38.4,23.2,0.0,154,test,hist_gradient_boosting,146.0,8.0,8.0
2026-06-21,6,6,0,ninguna,31.8,40.2,23.3,0.0,119,test,hist_gradient_boosting,132.04,-13.039999999999992,13.039999999999992
2026-06-24,2,6,0,ninguna,31.2,40.2,22.3,0.0,40,test,hist_gradient_boosting,43.1,-3.1000000000000014,3.1000000000000014
2026-06-25,3,6,0,ninguna,27.2,33.5,20.9,0.0,91,test,hist_gradient_boosting,75.38,15.620000000000005,15.620000000000005
2026-06-26,4,6,0,ninguna,25.8,35.0,16.5,0.0,144,test,hist_gradient_boosting,110.48,33.519999999999996,33.519999999999996
2026-06-27,5,6,0,ninguna,27.6,37.6,17.7,5.6,155,test,hist_gradient_boosting,145.3,9.699999999999989,9.699999999999989
2026-06-28,6,6,0,ninguna,27.5,35.8,19.2,0.0,135,test,hist_gradient_boosting,138.27,-3.2700000000000102,3.2700000000000102
2026-07-01,2,7,0,ninguna,31.0,39.4,22.7,0.0,53,test,hist_gradient_boosting,57.1,-4.100000000000001,4.100000000000001
2026-07-02,3,7,0,ninguna,26.9,35.9,17.9,0.0,87,test,hist_gradient_boosting,90.82,-3.819999999999993,3.819999999999993
2026-07-03,4,7,0,ninguna,30.0,40.0,20.0,0.0,150,test,hist_gradient_boosting,100.26,49.739999999999995,49.739999999999995
2026-07-04,5,7,0,ninguna,30.7,41.0,20.4,0.0,169,test,hist_gradient_boosting,130.05,38.94999999999999,38.94999999999999
2026-07-05,6,7,0,ninguna,30.2,40.2,20.3,0.0,162,test,hist_gradient_boosting,118.48,43.519999999999996,43.519999999999996
2026-07-08,2,7,0,ninguna,28.6,39.8,17.5,0.0,71,test,hist_gradient_boosting,58.78,12.219999999999999,12.219999999999999
2026-07-09,3,7,0,ninguna,28.4,39.3,17.5,0.0,97,test,hist_gradient_boosting,67.42,29.58,29.58
2026-07-10,4,7,0,ninguna,29.8,37.4,22.3,0.0,106,test,hist_gradient_boosting,109.33,-3.3299999999999983,3.3299999999999983
2026-07-11,5,7,0,ninguna,28.4,39.0,17.7,0.0,160,test,hist_gradient_boosting,143.71,16.289999999999992,16.289999999999992
2026-07-12,6,7,0,ninguna,28.8,34.8,22.7,0.0,148,test,hist_gradient_boosting,133.85,14.150000000000006,14.150000000000006
2026-07-15,2,7,0,ninguna,28.0,38.1,17.9,0.0,62,test,hist_gradient_boosting,55.98,6.020000000000003,6.020000000000003
2026-07-16,3,7,0,ninguna,28.4,36.4,20.4,0.0,100,test,hist_gradient_boosting,81.44,18.560000000000002,18.560000000000002
2026-07-17,4,7,0,ninguna,25.8,36.4,15.2,0.0,140,test,hist_gradient_boosting,102.57,37.43000000000001,37.43000000000001
2026-07-18,5,7,0,ninguna,26.0,36.8,15.3,0.0,153,test,hist_gradient_boosting,181.04,-28.039999999999992,28.039999999999992
2026-07-19,6,7,0,ninguna,26.0,37.6,14.4,0.0,177,test,hist_gradient_boosting,133.1,43.900000000000006,43.900000000000006
2026-07-22,2,7,0,ninguna,29.5,39.6,19.4,0.0,70,test,hist_gradient_boosting,43.67,26.33,26.33
2026-07-23,3,7,0,ninguna,28.7,38.8,18.6,0.0,79,test,hist_gradient_boosting,70.25,8.75,8.75
2026-07-24,4,7,0,ninguna,26.1,33.9,18.3,0.0,124,test,hist_gradient_boosting,99.4,24.599999999999994,24.599999999999994
2026-07-25,5,7,0,ninguna,23.6,30.4,16.7,0.0,253,test,hist_gradient_boosting,194.22,58.78,58.78
2026-07-26,6,7,0,ninguna,23.9,33.2,14.6,0.0,178,test,hist_gradient_boosting,131.29,46.71000000000001,46.71000000000001
2026-07-29,2,7,0,ninguna,30.6,39.7,21.4,0.0,53,test,hist_gradient_boosting,40.09,12.909999999999997,12.909999999999997
2026-07-30,3,7,0,ninguna,30.5,40.6,20.4,0.0,78,test,hist_gradient_boosting,66.99,11.010000000000005,11.010000000000005
2026-07-31,4,7,0,ninguna,30.0,38.2,21.9,0.0,118,test,hist_gradient_boosting,110.78,7.219999999999999,7.219999999999999
2026-09-02,2,9,0,ninguna,26.0,37.2,14.8,0.0,65,test,hist_gradient_boosting,56.21,8.79,8.79
2026-09-03,3,9,0,ninguna,27.2,39.0,15.5,0.0,61,test,hist_gradient_boosting,83.51,-22.510000000000005,22.510000000000005
2026-09-04,4,9,0,ninguna,27.0,39.6,14.5,0.0,91,test,hist_gradient_boosting,126.0,-35.0,35.0
2026-09-05,5,9,0,ninguna,28.9,38.2,19.6,0.0,146,test,hist_gradient_boosting,120.67,25.33,25.33
2026-09-06,6,9,0,ninguna,29.5,38.4,20.6,0.0,117,test,hist_gradient_boosting,118.64,-1.6400000000000006,1.6400000000000006
2026-09-08,1,9,1,ninguna,27.0,36.4,17.7,0.2,58,test,hist_gradient_boosting,83.6,-25.599999999999994,25.599999999999994
2026-09-09,2,9,1,ninguna,22.0,28.9,15.2,0.0,69,test,hist_gradient_boosting,61.19,7.810000000000002,7.810000000000002
2026-09-10,3,9,0,ninguna,19.9,29.7,10.1,0.0,73,test,hist_gradient_boosting,79.61,-6.609999999999999,6.609999999999999
2026-09-11,4,9,0,ninguna,21.0,33.2,8.9,0.0,99,test,hist_gradient_boosting,119.5,-20.5,20.5
2026-09-12,5,9,0,ninguna,24.4,34.6,14.2,0.0,152,test,hist_gradient_boosting,145.39,6.610000000000014,6.610000000000014
2026-09-13,6,9,0,ninguna,25.8,35.2,16.3,0.0,135,test,hist_gradient_boosting,121.82,13.180000000000007,13.180000000000007
2026-09-16,2,9,0,ninguna,25.8,36.6,15.0,0.0,59,test,hist_gradient_boosting,41.87,17.130000000000003,17.130000000000003
2026-09-17,3,9,0,ninguna,25.8,36.6,15.0,0.0,81,test,hist_gradient_boosting,65.44,15.560000000000002,15.560000000000002
2026-09-18,4,9,0,ninguna,25.8,36.6,15.0,0.0,125,test,hist_gradient_boosting,96.53,28.47,28.47
2026-09-19,5,9,0,ninguna,25.8,36.6,15.0,0.0,142,test,hist_gradient_boosting,142.61,-0.6100000000000136,0.6100000000000136
2026-09-20,6,9,0,ninguna,25.8,36.6,15.0,0.0,127,test,hist_gradient_boosting,110.85,16.150000000000006,16.150000000000006
2025-01-01,2,1,1,navidad,4.9,12.3,-2.5,0.0,45,validacion,hist_gradient_boosting,45.02,-0.020000000000003126,0.020000000000003126
2025-01-02,3,1,0,navidad,3.9,12.0,-4.2,0.0,54,validacion,hist_gradient_boosting,44.35,9.649999999999999,9.649999999999999
2025-01-03,4,1,0,navidad,2.8,9.3,-3.6,0.0,74,validacion,hist_gradient_boosting,70.48,3.519999999999996,3.519999999999996
2025-01-04,5,1,0,navidad,4.7,8.9,0.5,0.0,83,validacion,hist_gradient_boosting,99.77,-16.769999999999996,16.769999999999996
2025-01-05,6,1,0,navidad,7.2,12.3,2.2,0.8,128,validacion,hist_gradient_boosting,95.12,32.879999999999995,32.879999999999995
2025-01-06,0,1,1,navidad,8.4,12.5,4.3,0.4,61,validacion,hist_gradient_boosting,59.3,1.7000000000000028,1.7000000000000028
2025-01-07,1,1,0,navidad,5.2,9.8,0.7,0.0,62,validacion,hist_gradient_boosting,47.69,14.310000000000002,14.310000000000002
2025-01-08,2,1,0,ninguna,9.4,13.0,5.7,0.4,41,validacion,hist_gradient_boosting,46.92,-5.920000000000002,5.920000000000002
2025-01-09,3,1,0,ninguna,10.4,14.8,6.1,0.0,71,validacion,hist_gradient_boosting,65.1,5.900000000000006,5.900000000000006
2025-01-10,4,1,0,ninguna,9.4,15.1,3.6,0.0,73,validacion,hist_gradient_boosting,90.04,-17.040000000000006,17.040000000000006
2025-01-11,5,1,0,ninguna,11.9,19.5,4.3,0.0,137,validacion,hist_gradient_boosting,155.87,-18.870000000000005,18.870000000000005
2025-01-12,6,1,0,ninguna,7.6,16.5,-1.4,0.0,82,validacion,hist_gradient_boosting,92.1,-10.099999999999994,10.099999999999994
2025-01-15,2,1,0,ninguna,2.4,13.3,-8.5,0.0,37,validacion,hist_gradient_boosting,27.38,9.620000000000001,9.620000000000001
2025-01-16,3,1,0,ninguna,5.1,15.2,-5.0,0.0,47,validacion,hist_gradient_boosting,49.4,-2.3999999999999986,2.3999999999999986
2025-01-17,4,1,0,ninguna,6.7,13.4,0.0,0.0,67,validacion,hist_gradient_boosting,87.05,-20.049999999999997,20.049999999999997
2025-01-18,5,1,0,ninguna,4.0,13.1,-5.1,0.0,96,validacion,hist_gradient_boosting,93.78,2.219999999999999,2.219999999999999
2025-01-19,6,1,0,ninguna,2.7,11.7,-6.3,0.4,105,validacion,hist_gradient_boosting,81.76,23.239999999999995,23.239999999999995
2025-01-22,2,1,0,ninguna,11.1,12.7,9.5,7.4,53,validacion,hist_gradient_boosting,43.97,9.030000000000001,9.030000000000001
2025-01-23,3,1,0,ninguna,12.2,16.2,8.2,0.2,70,validacion,hist_gradient_boosting,65.51,4.489999999999995,4.489999999999995
2025-01-24,4,1,0,ninguna,11.2,14.5,7.8,0.2,96,validacion,hist_gradient_boosting,90.31,5.689999999999998,5.689999999999998
2025-01-25,5,1,0,ninguna,9.1,12.4,5.8,0.4,117,validacion,hist_gradient_boosting,130.41,-13.409999999999997,13.409999999999997
2025-01-26,6,1,0,ninguna,8.8,14.2,3.4,0.2,105,validacion,hist_gradient_boosting,106.21,-1.2099999999999937,1.2099999999999937
2025-01-29,2,1,0,ninguna,6.8,9.3,4.3,4.6,39,validacion,hist_gradient_boosting,41.32,-2.3200000000000003,2.3200000000000003
2025-01-30,3,1,0,ninguna,6.5,12.3,0.7,0.0,44,validacion,hist_gradient_boosting,54.75,-10.75,10.75
2025-01-31,4,1,0,ninguna,5.7,12.2,-0.8,0.0,88,validacion,hist_gradient_boosting,87.04,0.9599999999999937,0.9599999999999937
2025-02-01,5,2,0,ninguna,6.4,14.7,-1.8,0.2,120,validacion,hist_gradient_boosting,122.64,-2.6400000000000006,2.6400000000000006
2025-02-02,6,2,0,ninguna,4.8,11.5,-2.0,0.0,87,validacion,hist_gradient_boosting,68.38,18.620000000000005,18.620000000000005
2025-02-05,2,2,0,ninguna,7.6,16.9,-1.8,0.0,45,validacion,hist_gradient_boosting,44.22,0.7800000000000011,0.7800000000000011
2025-02-06,3,2,0,ninguna,6.4,14.9,-2.1,0.0,70,validacion,hist_gradient_boosting,49.69,20.310000000000002,20.310000000000002
2025-02-07,4,2,0,ninguna,4.2,11.6,-3.1,3.6,58,validacion,hist_gradient_boosting,71.12,-13.120000000000005,13.120000000000005
2025-02-08,5,2,0,ninguna,7.9,13.2,2.6,0.0,118,validacion,hist_gradient_boosting,116.09,1.9099999999999966,1.9099999999999966
2025-02-09,6,2,0,ninguna,8.4,16.5,0.2,0.0,103,validacion,hist_gradient_boosting,80.75,22.25,22.25
2025-02-12,2,2,0,ninguna,9.3,14.7,3.9,0.8,39,validacion,hist_gradient_boosting,48.99,-9.990000000000002,9.990000000000002
2025-02-13,3,2,0,ninguna,8.2,15.7,0.6,0.0,50,validacion,hist_gradient_boosting,52.04,-2.039999999999999,2.039999999999999
2025-02-14,4,2,0,ninguna,9.7,17.8,1.6,0.0,91,validacion,hist_gradient_boosting,82.71,8.290000000000006,8.290000000000006
2025-02-15,5,2,0,ninguna,9.6,17.7,1.5,0.0,124,validacion,hist_gradient_boosting,118.9,5.099999999999994,5.099999999999994
2025-02-16,6,2,0,ninguna,10.4,19.2,1.6,0.0,94,validacion,hist_gradient_boosting,106.35,-12.349999999999994,12.349999999999994
2025-02-19,2,2,0,ninguna,12.0,17.6,6.3,0.0,56,validacion,hist_gradient_boosting,51.85,4.149999999999999,4.149999999999999
2025-02-20,3,2,0,ninguna,11.0,18.9,3.1,0.0,70,validacion,hist_gradient_boosting,62.25,7.75,7.75
2025-02-21,4,2,0,ninguna,11.4,18.3,4.5,0.8,92,validacion,hist_gradient_boosting,109.58,-17.58,17.58
2025-02-22,5,2,0,ninguna,10.2,15.8,4.6,0.0,159,validacion,hist_gradient_boosting,136.0,23.0,23.0
2025-02-23,6,2,0,ninguna,8.6,17.5,-0.4,0.0,111,validacion,hist_gradient_boosting,78.76,32.239999999999995,32.239999999999995
2025-02-26,2,2,0,ninguna,7.0,15.0,-1.1,0.0,47,validacion,hist_gradient_boosting,36.09,10.909999999999997,10.909999999999997
2025-02-27,3,2,0,ninguna,9.6,16.1,3.1,0.0,92,validacion,hist_gradient_boosting,57.59,34.41,34.41
2025-02-28,4,2,0,ninguna,11.0,18.8,3.3,1.4,116,validacion,hist_gradient_boosting,92.89,23.11,23.11
2025-03-01,5,3,0,ninguna,7.6,9.9,5.2,10.6,95,validacion,hist_gradient_boosting,119.87,-24.870000000000005,24.870000000000005
2025-03-02,6,3,0,ninguna,4.7,5.8,3.6,10.6,82,validacion,hist_gradient_boosting,78.28,3.719999999999999,3.719999999999999
2025-03-05,2,3,0,ninguna,11.6,14.1,9.0,2.2,58,validacion,hist_gradient_boosting,41.57,16.43,16.43
2025-03-06,3,3,0,ninguna,12.0,14.6,9.5,2.8,85,validacion,hist_gradient_boosting,61.93,23.07,23.07
2025-03-07,4,3,0,ninguna,10.9,13.8,8.0,8.4,86,validacion,hist_gradient_boosting,83.35,2.6500000000000057,2.6500000000000057
2025-03-08,5,3,0,ninguna,9.2,12.2,6.1,8.4,121,validacion,hist_gradient_boosting,117.26,3.739999999999995,3.739999999999995
2025-03-09,6,3,0,ninguna,7.4,11.4,3.5,1.6,104,validacion,hist_gradient_boosting,97.55,6.450000000000003,6.450000000000003
2025-03-12,2,3,0,ninguna,7.6,13.0,2.2,0.2,54,validacion,hist_gradient_boosting,48.82,5.18,5.18
2025-03-13,3,3,0,ninguna,8.3,12.5,4.1,4.0,58,validacion,hist_gradient_boosting,58.17,-0.1700000000000017,0.1700000000000017
2025-03-14,4,3,0,ninguna,6.8,11.2,2.3,0.0,93,validacion,hist_gradient_boosting,81.11,11.89,11.89
2025-03-15,5,3,0,ninguna,5.0,11.3,-1.3,2.2,125,validacion,hist_gradient_boosting,105.61,19.39,19.39
2025-03-16,6,3,0,ninguna,8.4,11.4,5.4,1.6,107,validacion,hist_gradient_boosting,93.55,13.450000000000003,13.450000000000003
2025-03-19,2,3,0,ninguna,13.3,18.3,8.3,0.0,57,validacion,hist_gradient_boosting,45.08,11.920000000000002,11.920000000000002
2025-03-20,3,3,0,ninguna,13.6,17.6,9.7,17.4,42,validacion,hist_gradient_boosting,39.64,2.3599999999999994,2.3599999999999994
2025-03-21,4,3,0,ninguna,10.0,12.3,7.7,7.2,76,validacion,hist_gradient_boosting,94.73,-18.730000000000004,18.730000000000004
2025-03-22,5,3,0,ninguna,8.6,11.8,5.4,3.0,141,validacion,hist_gradient_boosting,129.82,11.180000000000007,11.180000000000007
2025-03-23,6,3,0,ninguna,7.6,12.3,2.9,0.6,106,validacion,hist_gradient_boosting,93.84,12.159999999999997,12.159999999999997
2025-03-26,2,3,0,ninguna,10.4,17.3,3.4,0.2,50,validacion,hist_gradient_boosting,46.36,3.6400000000000006,3.6400000000000006
2025-03-27,3,3,0,ninguna,9.0,16.2,1.8,0.0,67,validacion,hist_gradient_boosting,55.9,11.100000000000001,11.100000000000001
2025-03-28,4,3,0,ninguna,11.4,19.3,3.6,0.0,89,validacion,hist_gradient_boosting,90.78,-1.7800000000000011,1.7800000000000011
2025-03-29,5,3,0,ninguna,10.8,19.2,2.5,0.0,103,validacion,hist_gradient_boosting,162.07,-59.06999999999999,59.06999999999999
2025-03-30,6,3,0,ninguna,11.3,21.7,0.9,0.0,117,validacion,hist_gradient_boosting,104.89,12.11,12.11
2025-04-02,2,4,0,ninguna,14.4,19.9,8.9,14.0,35,validacion,hist_gradient_boosting,36.81,-1.8100000000000023,1.8100000000000023
2025-04-03,3,4,0,ninguna,10.4,11.8,9.0,15.8,49,validacion,hist_gradient_boosting,43.69,5.310000000000002,5.310000000000002
2025-04-04,4,4,0,ninguna,13.1,17.1,9.1,4.2,93,validacion,hist_gradient_boosting,98.79,-5.790000000000006,5.790000000000006
2025-04-05,5,4,0,ninguna,11.9,16.6,7.2,0.4,150,validacion,hist_gradient_boosting,134.12,15.879999999999995,15.879999999999995
2025-04-06,6,4,0,ninguna,13.9,20.1,7.7,0.0,147,validacion,hist_gradient_boosting,105.94,41.06,41.06
2025-04-09,2,4,0,ninguna,17.6,26.3,8.9,0.0,68,validacion,hist_gradient_boosting,51.97,16.03,16.03
2025-04-10,3,4,0,ninguna,17.2,24.4,10.0,0.0,89,validacion,hist_gradient_boosting,81.31,7.689999999999998,7.689999999999998
2025-04-11,4,4,0,ninguna,14.6,18.2,10.9,1.4,155,validacion,hist_gradient_boosting,99.36,55.64,55.64
2025-04-12,5,4,0,ninguna,14.8,19.5,10.1,5.8,177,validacion,hist_gradient_boosting,125.96,51.040000000000006,51.040000000000006
2025-04-13,6,4,0,semana_santa,15.4,19.6,11.1,0.6,187,validacion,hist_gradient_boosting,155.24,31.75999999999999,31.75999999999999
2025-04-14,0,4,0,semana_santa,13.6,17.5,9.6,2.4,81,validacion,hist_gradient_boosting,68.04,12.959999999999994,12.959999999999994
2025-04-15,1,4,0,semana_santa,9.6,13.3,5.8,3.6,63,validacion,hist_gradient_boosting,59.05,3.950000000000003,3.950000000000003
2025-04-16,2,4,0,semana_santa,8.4,13.3,3.5,2.4,65,validacion,hist_gradient_boosting,46.16,18.840000000000003,18.840000000000003
2025-04-17,3,4,1,semana_santa,12.0,18.8,5.2,0.2,110,validacion,hist_gradient_boosting,93.86,16.14,16.14
2025-04-18,4,4,1,semana_santa,14.0,19.8,8.2,9.8,131,validacion,hist_gradient_boosting,104.76,26.239999999999995,26.239999999999995
2025-04-19,5,4,0,semana_santa,10.2,13.7,6.6,1.6,171,validacion,hist_gradient_boosting,140.19,30.810000000000002,30.810000000000002
2025-04-20,6,4,0,semana_santa,11.8,16.5,7.2,0.2,159,validacion,hist_gradient_boosting,134.19,24.810000000000002,24.810000000000002
2025-04-21,0,4,0,semana_santa,12.4,19.1,5.6,0.8,47,validacion,hist_gradient_boosting,74.94,-27.939999999999998,27.939999999999998
2025-04-22,1,4,0,semana_santa,14.2,19.4,8.9,0.2,83,validacion,hist_gradient_boosting,75.91,7.090000000000003,7.090000000000003
2025-04-23,2,4,0,semana_santa,14.8,23.5,6.0,0.0,77,validacion,hist_gradient_boosting,61.03,15.969999999999999,15.969999999999999
2025-04-24,3,4,0,semana_santa,17.8,27.0,8.7,0.0,94,validacion,hist_gradient_boosting,95.46,-1.4599999999999937,1.4599999999999937
2025-04-25,4,4,0,semana_santa,18.2,26.7,9.8,0.0,169,validacion,hist_gradient_boosting,124.03,44.97,44.97
2025-04-26,5,4,0,semana_santa,16.9,22.8,11.0,0.0,185,validacion,hist_gradient_boosting,183.9,1.0999999999999943,1.0999999999999943
2025-04-27,6,4,0,semana_santa,14.1,22.6,5.6,0.0,150,validacion,hist_gradient_boosting,131.4,18.599999999999994,18.599999999999994
2025-04-30,2,4,0,ninguna,16.5,23.2,9.8,6.8,47,validacion,hist_gradient_boosting,40.31,6.689999999999998,6.689999999999998
2025-05-01,3,5,1,ninguna,17.8,23.4,12.3,15.2,68,validacion,hist_gradient_boosting,52.28,15.719999999999999,15.719999999999999
2025-05-02,4,5,1,ninguna,15.8,20.3,11.2,8.8,92,validacion,hist_gradient_boosting,93.13,-1.1299999999999955,1.1299999999999955
2025-05-03,5,5,0,ninguna,15.2,21.1,9.4,0.2,195,validacion,hist_gradient_boosting,152.13,42.870000000000005,42.870000000000005
2025-05-04,6,5,0,ninguna,13.8,16.9,10.7,0.2,190,validacion,hist_gradient_boosting,125.37,64.63,64.63
2025-05-07,2,5,0,ninguna,14.6,21.6,7.6,0.2,58,validacion,hist_gradient_boosting,59.12,-1.1199999999999974,1.1199999999999974
2025-05-08,3,5,0,ninguna,14.1,17.6,10.6,2.2,100,validacion,hist_gradient_boosting,76.94,23.060000000000002,23.060000000000002
2025-05-09,4,5,0,ninguna,13.8,19.3,8.2,2.0,109,validacion,hist_gradient_boosting,101.72,7.280000000000001,7.280000000000001
2025-05-10,5,5,0,ninguna,14.4,18.7,10.0,4.0,148,validacion,hist_gradient_boosting,140.91,7.090000000000003,7.090000000000003
2025-05-11,6,5,0,ninguna,13.4,20.3,6.4,0.0,159,validacion,hist_gradient_boosting,137.92,21.080000000000013,21.080000000000013
2025-05-14,2,5,0,ninguna,17.8,23.8,11.8,0.8,64,validacion,hist_gradient_boosting,56.99,7.009999999999998,7.009999999999998
2025-05-15,3,5,0,ninguna,16.0,21.8,10.3,7.6,50,validacion,hist_gradient_boosting,58.55,-8.549999999999997,8.549999999999997
2025-05-16,4,5,0,ninguna,16.6,25.2,8.1,0.2,132,validacion,hist_gradient_boosting,113.78,18.22,18.22
2025-05-17,5,5,0,ninguna,17.8,26.3,9.3,0.0,174,validacion,hist_gradient_boosting,168.34,5.659999999999997,5.659999999999997
2025-05-18,6,5,0,ninguna,19.3,28.4,10.2,0.0,115,validacion,hist_gradient_boosting,151.22,-36.22,36.22
2025-05-21,2,5,0,ninguna,18.6,27.4,9.7,0.0,67,validacion,hist_gradient_boosting,62.16,4.840000000000003,4.840000000000003
2025-05-22,3,5,0,ninguna,18.4,24.4,12.4,0.0,80,validacion,hist_gradient_boosting,79.75,0.25,0.25
2025-05-23,4,5,0,ninguna,18.1,25.8,10.4,0.0,160,validacion,hist_gradient_boosting,111.91,48.09,48.09
2025-05-24,5,5,0,ninguna,18.4,29.1,7.8,0.0,196,validacion,hist_gradient_boosting,153.31,42.69,42.69
2025-05-25,6,5,0,ninguna,20.6,30.9,10.4,0.0,165,validacion,hist_gradient_boosting,134.39,30.610000000000014,30.610000000000014
2025-05-28,2,5,0,ninguna,24.4,34.7,14.0,0.0,54,validacion,hist_gradient_boosting,49.51,4.490000000000002,4.490000000000002
2025-05-29,3,5,0,ninguna,25.6,35.7,15.6,0.0,71,validacion,hist_gradient_boosting,88.4,-17.400000000000006,17.400000000000006
2025-05-30,4,5,0,ninguna,25.6,35.2,16.0,0.0,101,validacion,hist_gradient_boosting,115.83,-14.829999999999998,14.829999999999998
2025-05-31,5,5,0,ninguna,25.8,35.4,16.1,0.0,132,validacion,hist_gradient_boosting,201.29,-69.28999999999999,69.28999999999999
2025-06-01,6,6,0,ninguna,26.2,34.7,17.7,0.0,182,validacion,hist_gradient_boosting,129.64,52.360000000000014,52.360000000000014
2025-06-04,2,6,0,ninguna,19.2,26.7,11.8,0.0,77,validacion,hist_gradient_boosting,57.52,19.479999999999997,19.479999999999997
2025-06-05,3,6,0,ninguna,22.0,31.3,12.7,0.0,94,validacion,hist_gradient_boosting,104.75,-10.75,10.75
2025-06-06,4,6,0,ninguna,22.7,32.2,13.2,0.0,121,validacion,hist_gradient_boosting,141.05,-20.05000000000001,20.05000000000001
2025-06-07,5,6,0,ninguna,22.8,33.0,12.7,0.0,191,validacion,hist_gradient_boosting,214.68,-23.680000000000007,23.680000000000007
2025-06-08,6,6,0,ninguna,24.8,36.3,13.4,0.0,141,validacion,hist_gradient_boosting,149.87,-8.870000000000005,8.870000000000005
2025-06-11,2,6,0,ninguna,25.0,31.6,18.3,5.6,61,validacion,hist_gradient_boosting,50.41,10.590000000000003,10.590000000000003
2025-06-12,3,6,0,ninguna,23.6,32.5,14.6,0.0,75,validacion,hist_gradient_boosting,82.59,-7.590000000000003,7.590000000000003
2025-06-13,4,6,0,ninguna,25.0,34.7,15.3,0.0,147,validacion,hist_gradient_boosting,124.46,22.540000000000006,22.540000000000006
2025-06-14,5,6,0,ninguna,25.8,35.4,16.1,0.0,248,validacion,hist_gradient_boosting,209.47,38.53,38.53
2025-06-15,6,6,0,ninguna,27.2,37.1,17.3,0.0,142,validacion,hist_gradient_boosting,130.23,11.77000000000001,11.77000000000001
2025-06-18,2,6,0,ninguna,29.0,38.9,19.0,0.0,46,validacion,hist_gradient_boosting,41.25,4.75,4.75
2025-06-19,3,6,0,ninguna,28.3,37.0,19.6,0.0,86,validacion,hist_gradient_boosting,69.0,17.0,17.0
2025-06-20,4,6,0,ninguna,29.1,39.4,18.8,0.0,106,validacion,hist_gradient_boosting,92.91,13.090000000000003,13.090000000000003
2025-06-21,5,6,0,ninguna,29.2,38.5,20.0,0.4,223,validacion,hist_gradient_boosting,113.01,109.99,109.99
2025-06-22,6,6,0,ninguna,29.0,37.6,20.5,0.0,156,validacion,hist_gradient_boosting,126.45,29.549999999999997,29.549999999999997
2025-06-25,2,6,0,ninguna,24.8,31.6,18.1,0.0,50,validacion,hist_gradient_boosting,57.68,-7.68,7.68
2025-06-26,3,6,0,ninguna,25.2,36.2,14.2,0.0,86,validacion,hist_gradient_boosting,91.43,-5.430000000000007,5.430000000000007
2025-06-27,4,6,0,ninguna,27.4,39.3,15.5,0.0,114,validacion,hist_gradient_boosting,123.34,-9.340000000000003,9.340000000000003
2025-06-28,5,6,0,ninguna,29.6,41.0,18.2,0.0,151,validacion,hist_gradient_boosting,149.27,1.7299999999999898,1.7299999999999898
2025-06-29,6,6,0,ninguna,31.1,41.2,21.0,0.0,131,validacion,hist_gradient_boosting,120.46,10.540000000000006,10.540000000000006
2025-07-02,2,7,0,ninguna,31.0,39.8,22.2,7.8,42,validacion,hist_gradient_boosting,41.09,0.9099999999999966,0.9099999999999966
2025-07-03,3,7,0,ninguna,30.2,38.8,21.6,1.0,60,validacion,hist_gradient_boosting,73.7,-13.700000000000003,13.700000000000003
2025-07-04,4,7,0,ninguna,29.8,39.1,20.5,1.0,114,validacion,hist_gradient_boosting,95.28,18.72,18.72
2025-07-05,5,7,0,ninguna,29.2,38.2,20.1,0.0,145,validacion,hist_gradient_boosting,118.77,26.230000000000004,26.230000000000004
2025-07-06,6,7,0,ninguna,27.6,37.3,17.9,0.0,144,validacion,hist_gradient_boosting,124.5,19.5,19.5
2025-07-09,2,7,0,ninguna,30.3,38.0,22.6,0.0,53,validacion,hist_gradient_boosting,52.95,0.04999999999999716,0.04999999999999716
2025-07-10,3,7,0,ninguna,27.4,37.1,17.8,0.0,80,validacion,hist_gradient_boosting,75.3,4.700000000000003,4.700000000000003
2025-07-11,4,7,0,ninguna,25.8,33.6,18.0,0.0,107,validacion,hist_gradient_boosting,101.52,5.480000000000004,5.480000000000004
2025-07-12,5,7,0,ninguna,24.0,30.9,17.2,0.0,241,validacion,hist_gradient_boosting,194.28,46.72,46.72
2025-07-13,6,7,0,ninguna,25.6,34.6,16.7,0.0,173,validacion,hist_gradient_boosting,146.17,26.830000000000013,26.830000000000013
2025-07-16,2,7,0,ninguna,30.8,40.9,20.6,0.0,87,validacion,hist_gradient_boosting,39.6,47.4,47.4
2025-07-17,3,7,0,ninguna,28.8,40.4,17.2,0.0,63,validacion,hist_gradient_boosting,74.24,-11.239999999999995,11.239999999999995
2025-07-18,4,7,0,ninguna,26.6,35.8,17.3,0.0,116,validacion,hist_gradient_boosting,121.43,-5.430000000000007,5.430000000000007
2025-07-19,5,7,0,ninguna,25.4,32.6,18.3,0.0,228,validacion,hist_gradient_boosting,199.55,28.44999999999999,28.44999999999999
2025-07-20,6,7,0,ninguna,24.6,31.5,17.8,0.0,151,validacion,hist_gradient_boosting,133.1,17.900000000000006,17.900000000000006
2025-07-23,2,7,0,ninguna,24.1,31.9,16.3,0.0,95,validacion,hist_gradient_boosting,49.5,45.5,45.5
2025-07-24,3,7,0,ninguna,23.8,30.9,16.8,0.0,92,validacion,hist_gradient_boosting,72.66,19.340000000000003,19.340000000000003
2025-07-25,4,7,0,ninguna,23.6,32.7,14.6,0.0,175,validacion,hist_gradient_boosting,100.23,74.77,74.77
2025-07-26,5,7,0,ninguna,26.5,36.3,16.7,0.0,213,validacion,hist_gradient_boosting,148.61,64.38999999999999,64.38999999999999
2025-07-27,6,7,0,ninguna,27.1,38.0,16.2,0.0,125,validacion,hist_gradient_boosting,118.16,6.840000000000003,6.840000000000003
2025-07-30,2,7,0,ninguna,26.5,36.7,16.3,0.0,56,validacion,hist_gradient_boosting,52.37,3.6300000000000026,3.6300000000000026
2025-07-31,3,7,0,ninguna,28.1,37.1,19.1,0.0,64,validacion,hist_gradient_boosting,79.84,-15.840000000000003,15.840000000000003
2025-09-03,2,9,0,ninguna,21.7,33.0,10.4,0.0,57,validacion,hist_gradient_boosting,59.3,-2.299999999999997,2.299999999999997
2025-09-04,3,9,0,ninguna,23.8,31.9,15.7,0.0,62,validacion,hist_gradient_boosting,68.59,-6.590000000000003,6.590000000000003
2025-09-05,4,9,0,ninguna,26.4,35.3,17.5,0.0,111,validacion,hist_gradient_boosting,110.0,1.0,1.0
2025-09-06,5,9,0,ninguna,26.8,34.9,18.6,0.0,167,validacion,hist_gradient_boosting,153.16,13.840000000000003,13.840000000000003
2025-09-07,6,9,0,ninguna,23.7,29.3,18.1,0.0,131,validacion,hist_gradient_boosting,126.78,4.219999999999999,4.219999999999999
2025-09-08,0,9,1,ninguna,23.4,31.1,15.8,0.0,50,validacion,hist_gradient_boosting,60.97,-10.969999999999999,10.969999999999999
2025-09-09,1,9,1,ninguna,22.0,29.3,14.8,0.0,71,validacion,hist_gradient_boosting,71.56,-0.5600000000000023,0.5600000000000023
2025-09-10,2,9,0,ninguna,20.0,28.6,11.5,0.0,52,validacion,hist_gradient_boosting,54.7,-2.700000000000003,2.700000000000003
2025-09-11,3,9,0,ninguna,22.8,32.3,13.3,0.0,107,validacion,hist_gradient_boosting,67.27,39.730000000000004,39.730000000000004
2025-09-12,4,9,0,ninguna,23.2,32.4,13.9,0.0,107,validacion,hist_gradient_boosting,105.28,1.7199999999999989,1.7199999999999989
2025-09-13,5,9,0,ninguna,22.8,31.7,13.9,0.0,170,validacion,hist_gradient_boosting,141.21,28.789999999999992,28.789999999999992
2025-09-14,6,9,0,ninguna,22.3,33.4,11.2,0.0,115,validacion,hist_gradient_boosting,134.96,-19.960000000000008,19.960000000000008
2025-09-17,2,9,0,ninguna,26.2,36.5,16.0,0.0,51,validacion,hist_gradient_boosting,44.02,6.979999999999997,6.979999999999997
2025-09-18,3,9,0,ninguna,26.2,37.6,14.7,0.0,70,validacion,hist_gradient_boosting,80.59,-10.590000000000003,10.590000000000003
2025-09-19,4,9,0,ninguna,28.5,36.5,20.5,0.4,97,validacion,hist_gradient_boosting,114.41,-17.409999999999997,17.409999999999997
2025-09-20,5,9,0,ninguna,25.5,33.3,17.7,1.6,187,validacion,hist_gradient_boosting,155.63,31.370000000000005,31.370000000000005
2025-09-21,6,9,0,ninguna,20.6,26.7,14.6,0.0,124,validacion,hist_gradient_boosting,125.17,-1.1700000000000017,1.1700000000000017
2025-09-24,2,9,0,ninguna,15.5,24.6,6.4,0.0,52,validacion,hist_gradient_boosting,47.2,4.799999999999997,4.799999999999997
2025-09-25,3,9,0,ninguna,16.4,25.8,6.9,0.0,84,validacion,hist_gradient_boosting,76.97,7.030000000000001,7.030000000000001
2025-09-26,4,9,0,ninguna,16.8,28.1,5.4,0.0,119,validacion,hist_gradient_boosting,116.41,2.5900000000000034,2.5900000000000034
2025-09-27,5,9,0,ninguna,16.6,27.6,5.7,0.0,162,validacion,hist_gradient_boosting,130.39,31.610000000000014,31.610000000000014
2025-09-28,6,9,0,ninguna,18.6,23.1,14.1,0.2,122,validacion,hist_gradient_boosting,146.11,-24.110000000000014,24.110000000000014
2025-10-01,2,10,0,ninguna,20.4,28.9,11.8,0.0,59,validacion,hist_gradient_boosting,55.83,3.1700000000000017,3.1700000000000017
2025-10-02,3,10,0,ninguna,20.5,30.5,10.5,0.0,79,validacion,hist_gradient_boosting,82.79,-3.7900000000000063,3.7900000000000063
2025-10-03,4,10,0,ninguna,19.2,29.8,8.7,0.0,131,validacion,hist_gradient_boosting,107.44,23.560000000000002,23.560000000000002
2025-10-04,5,10,0,ninguna,20.8,31.8,9.8,0.0,191,validacion,hist_gradient_boosting,183.93,7.069999999999993,7.069999999999993
2025-10-05,6,10,0,ninguna,19.9,27.8,12.0,0.0,139,validacion,hist_gradient_boosting,135.12,3.8799999999999955,3.8799999999999955
2025-10-08,2,10,0,ninguna,21.0,30.3,11.7,0.0,60,validacion,hist_gradient_boosting,58.49,1.509999999999998,1.509999999999998
2025-10-09,3,10,0,ninguna,20.4,27.5,13.3,0.0,70,validacion,hist_gradient_boosting,78.71,-8.709999999999994,8.709999999999994
2025-10-10,4,10,0,ninguna,18.6,24.2,13.1,0.0,138,validacion,hist_gradient_boosting,111.48,26.519999999999996,26.519999999999996
2025-10-11,5,10,0,ninguna,18.8,25.2,12.4,0.0,161,validacion,hist_gradient_boosting,157.34,3.6599999999999966,3.6599999999999966
2025-10-12,6,10,1,ninguna,19.8,25.7,13.9,0.0,153,validacion,hist_gradient_boosting,138.64,14.360000000000014,14.360000000000014
2025-10-15,2,10,0,ninguna,19.1,27.7,10.5,0.0,62,validacion,hist_gradient_boosting,57.1,4.899999999999999,4.899999999999999
2025-10-16,3,10,0,ninguna,19.2,26.7,11.8,0.0,77,validacion,hist_gradient_boosting,76.84,0.1599999999999966,0.1599999999999966
2025-10-17,4,10,0,ninguna,18.6,26.1,11.1,0.0,111,validacion,hist_gradient_boosting,110.23,0.769999999999996,0.769999999999996
2025-10-18,5,10,0,ninguna,17.7,27.0,8.4,0.0,171,validacion,hist_gradient_boosting,151.79,19.210000000000008,19.210000000000008
2025-10-19,6,10,0,ninguna,16.0,25.0,6.9,0.8,103,validacion,hist_gradient_boosting,131.65,-28.650000000000006,28.650000000000006
2025-10-22,2,10,0,ninguna,18.8,22.5,15.2,0.0,58,validacion,hist_gradient_boosting,58.66,-0.6599999999999966,0.6599999999999966
2025-10-23,3,10,0,ninguna,20.5,24.7,16.3,0.0,65,validacion,hist_gradient_boosting,80.82,-15.819999999999993,15.819999999999993
2025-10-24,4,10,0,ninguna,19.0,23.0,15.1,0.0,140,validacion,hist_gradient_boosting,112.87,27.129999999999995,27.129999999999995
2025-10-25,5,10,0,ninguna,18.2,22.2,14.2,3.4,166,validacion,hist_gradient_boosting,152.39,13.610000000000014,13.610000000000014
2025-10-26,6,10,0,ninguna,12.5,18.6,6.4,0.2,133,validacion,hist_gradient_boosting,127.52,5.480000000000004,5.480000000000004
2025-10-29,2,10,0,ninguna,13.6,16.4,10.7,6.8,45,validacion,hist_gradient_boosting,39.15,5.850000000000001,5.850000000000001
2025-10-30,3,10,0,ninguna,14.6,17.7,11.4,0.0,95,validacion,hist_gradient_boosting,71.54,23.459999999999994,23.459999999999994
2025-10-31,4,10,0,ninguna,13.5,17.6,9.4,0.0,145,validacion,hist_gradient_boosting,110.2,34.8,34.8
2025-11-01,5,11,1,ninguna,15.1,19.1,11.1,0.0,193,validacion,hist_gradient_boosting,154.7,38.30000000000001,38.30000000000001
2025-11-02,6,11,0,ninguna,13.4,19.7,7.0,0.0,117,validacion,hist_gradient_boosting,107.91,9.090000000000003,9.090000000000003
2025-11-05,2,11,0,ninguna,14.4,18.2,10.5,8.2,55,validacion,hist_gradient_boosting,32.73,22.270000000000003,22.270000000000003
2025-11-06,3,11,0,ninguna,11.6,15.0,8.1,0.0,81,validacion,hist_gradient_boosting,65.16,15.840000000000003,15.840000000000003
2025-11-07,4,11,0,ninguna,9.7,13.2,6.2,8.2,117,validacion,hist_gradient_boosting,77.58,39.42,39.42
2025-11-08,5,11,0,ninguna,10.8,17.0,4.5,0.0,129,validacion,hist_gradient_boosting,156.09,-27.090000000000003,27.090000000000003
2025-11-09,6,11,0,ninguna,8.6,15.8,1.3,0.0,82,validacion,hist_gradient_boosting,91.02,-9.019999999999996,9.019999999999996
2025-11-12,2,11,0,ninguna,14.6,25.0,4.3,0.0,54,validacion,hist_gradient_boosting,46.52,7.479999999999997,7.479999999999997
2025-11-13,3,11,0,ninguna,13.4,15.2,11.5,16.8,46,validacion,hist_gradient_boosting,45.75,0.25,0.25
2025-11-14,4,11,0,ninguna,13.6,16.3,10.8,2.6,131,validacion,hist_gradient_boosting,99.37,31.629999999999995,31.629999999999995
2025-11-15,5,11,0,ninguna,11.9,14.6,9.2,2.8,122,validacion,hist_gradient_boosting,135.13,-13.129999999999995,13.129999999999995
2025-11-16,6,11,0,ninguna,11.4,15.4,7.5,0.2,96,validacion,hist_gradient_boosting,121.32,-25.319999999999993,25.319999999999993
2025-11-19,2,11,0,ninguna,6.6,12.5,0.7,0.0,55,validacion,hist_gradient_boosting,50.95,4.049999999999997,4.049999999999997
2025-11-20,3,11,0,ninguna,5.9,12.7,-0.9,0.0,49,validacion,hist_gradient_boosting,61.95,-12.950000000000003,12.950000000000003
2025-11-21,4,11,0,ninguna,5.2,11.5,-1.2,0.0,87,validacion,hist_gradient_boosting,87.23,-0.23000000000000398,0.23000000000000398
2025-11-22,5,11,0,ninguna,4.0,12.0,-3.9,0.0,154,validacion,hist_gradient_boosting,111.95,42.05,42.05
2025-11-23,6,11,0,ninguna,7.4,14.4,0.3,0.0,97,validacion,hist_gradient_boosting,98.62,-1.6200000000000045,1.6200000000000045
2025-11-26,2,11,0,ninguna,5.8,12.5,-0.8,0.0,33,validacion,hist_gradient_boosting,47.77,-14.770000000000003,14.770000000000003
2025-11-27,3,11,0,ninguna,6.2,14.7,-2.3,0.0,46,validacion,hist_gradient_boosting,55.49,-9.490000000000002,9.490000000000002
2025-11-28,4,11,0,ninguna,7.3,15.0,-0.4,0.0,97,validacion,hist_gradient_boosting,87.24,9.760000000000005,9.760000000000005
2025-11-29,5,11,0,ninguna,5.4,12.4,-1.6,2.6,107,validacion,hist_gradient_boosting,114.99,-7.989999999999995,7.989999999999995
2025-11-30,6,11,0,ninguna,7.2,12.5,2.0,0.0,86,validacion,hist_gradient_boosting,98.22,-12.219999999999999,12.219999999999999
2025-12-03,2,12,0,ninguna,7.0,11.3,2.8,0.2,64,validacion,hist_gradient_boosting,57.2,6.799999999999997,6.799999999999997
2025-12-04,3,12,0,ninguna,9.0,12.3,5.6,0.6,71,validacion,hist_gradient_boosting,96.75,-25.75,25.75
2025-12-05,4,12,0,ninguna,8.6,11.9,5.4,0.0,148,validacion,hist_gradient_boosting,116.81,31.189999999999998,31.189999999999998
2025-12-06,5,12,1,ninguna,13.3,14.9,11.7,0.0,210,validacion,hist_gradient_boosting,161.42,48.58000000000001,48.58000000000001
2025-12-07,6,12,0,ninguna,10.0,13.4,6.6,0.0,146,validacion,hist_gradient_boosting,130.57,15.430000000000007,15.430000000000007
2025-12-08,0,12,1,ninguna,9.9,14.6,5.2,0.0,67,validacion,hist_gradient_boosting,85.27,-18.269999999999996,18.269999999999996
2025-12-10,2,12,0,ninguna,10.2,12.2,8.1,2.0,62,validacion,hist_gradient_boosting,60.56,1.4399999999999977,1.4399999999999977
2025-12-11,3,12,0,ninguna,9.0,14.3,3.7,0.2,96,validacion,hist_gradient_boosting,93.28,2.719999999999999,2.719999999999999
2025-12-12,4,12,0,ninguna,8.9,13.1,4.7,0.2,115,validacion,hist_gradient_boosting,112.69,2.3100000000000023,2.3100000000000023
2025-12-13,5,12,0,ninguna,11.6,16.2,7.0,0.0,174,validacion,hist_gradient_boosting,164.48,9.52000000000001,9.52000000000001
2025-12-14,6,12,0,ninguna,8.2,11.7,4.8,0.0,149,validacion,hist_gradient_boosting,116.51,32.489999999999995,32.489999999999995
2025-12-17,2,12,0,ninguna,11.6,15.5,7.6,0.0,60,validacion,hist_gradient_boosting,59.99,0.00999999999999801,0.00999999999999801
2025-12-18,3,12,0,ninguna,8.4,12.7,4.1,0.0,99,validacion,hist_gradient_boosting,89.5,9.5,9.5
2025-12-19,4,12,0,ninguna,9.2,11.5,6.9,0.0,187,validacion,hist_gradient_boosting,117.34,69.66,69.66
2025-12-20,5,12,0,ninguna,8.2,10.4,5.9,3.2,198,validacion,hist_gradient_boosting,159.89,38.110000000000014,38.110000000000014
2025-12-21,6,12,0,ninguna,4.0,8.8,-0.9,0.2,108,validacion,hist_gradient_boosting,118.19,-10.189999999999998,10.189999999999998
2025-12-24,2,12,0,ninguna,6.2,12.1,0.3,0.0,57,validacion,hist_gradient_boosting,57.85,-0.8500000000000014,0.8500000000000014
2025-12-26,4,12,0,ninguna,5.4,12.1,-1.4,0.0,114,validacion,hist_gradient_boosting,116.66,-2.6599999999999966,2.6599999999999966
2025-12-27,5,12,0,ninguna,4.7,12.2,-2.8,0.0,147,validacion,hist_gradient_boosting,135.33,11.669999999999987,11.669999999999987
2025-12-28,6,12,0,ninguna,8.8,12.7,4.9,0.0,123,validacion,hist_gradient_boosting,113.51,9.489999999999995,9.489999999999995
2025-12-31,2,12,0,ninguna,3.5,9.8,-2.8,0.2,52,validacion,hist_gradient_boosting,47.77,4.229999999999997,4.229999999999997
