fraccion_perdida,coste_jornada,coste_intuicion,coste_modelo,ahorro,ahorro_pct,modelo_mejor
0.25,90.0,2395.0,888.0,1507.0,62.9,True
0.25,119.0,2801.0,1062.0,1739.0,62.1,True
0.25,150.0,3235.0,1248.0,1987.0,61.4,True
0.5,90.0,3529.0,1236.0,2293.0,65.0,True
0.5,119.0,3935.0,1410.0,2525.0,64.2,True
0.5,150.0,4369.0,1596.0,2773.0,63.5,True
0.75,90.0,4664.0,1584.0,3080.0,66.0,True
0.75,119.0,5070.0,1758.0,3312.0,65.3,True
0.75,150.0,5504.0,1944.0,3560.0,64.7,True
1.0,90.0,5798.0,1932.0,3866.0,66.7,True
1.0,119.0,6204.0,2106.0,4098.0,66.1,True
1.0,150.0,6638.0,2292.0,4346.0,65.5,True
