fecha,año,mes,dia_semana,nombre_dia,fin_de_semana,indice_temporal,es_festivo,nombre_festivo,ambito_festivo,es_vispera_festivo,es_puente,es_vacaciones,periodo_vacacional,tipo_vacaciones,tmed,tmax,tmin,prec,prec_inapreciable,temp_interpolada,prec_rellenada,meteo_imputada,n_empleados,n_clientes,nota_faena
2022-01-01,2022,1,5,Sábado,1,0,1,Año Nuevo,nacional,0,0,1,Vacaciones de Navidad,navidad,9.2,18.7,-0.2,0.0,0,0,0,0,6,107,personal suficiente
2022-01-02,2022,1,6,Domingo,1,1,0,,,0,0,1,Vacaciones de Navidad,navidad,8.8,17.3,0.3,0.0,0,0,0,0,6,82,personal sin hacer nada
2022-01-03,2022,1,0,Lunes,0,2,0,,,0,0,1,Vacaciones de Navidad,navidad,8.6,15.3,1.9,0.0,0,0,0,0,3,32,personal suficiente
2022-01-04,2022,1,1,Martes,0,3,0,,,0,0,1,Vacaciones de Navidad,navidad,8.0,15.3,0.8,3.2,0,0,0,0,3,39,personal sin hacer nada
2022-01-05,2022,1,2,Miércoles,0,4,0,,,1,0,1,Vacaciones de Navidad,navidad,6.4,10.2,2.7,3.8,0,0,0,0,6,33,personal suficiente
2022-01-06,2022,1,3,Jueves,0,5,1,Epifanía del Señor,nacional,0,0,1,Vacaciones de Navidad,navidad,4.2,9.8,-1.4,0.0,0,0,0,0,6,58,personal sin hacer nada
2022-01-07,2022,1,4,Viernes,0,6,0,,,0,1,1,Vacaciones de Navidad,navidad,5.0,12.1,-2.1,0.0,0,0,0,0,5,76,personal ocupado
2022-01-08,2022,1,5,Sábado,1,7,0,,,0,0,0,ninguna,ninguna,2.6,8.4,-3.2,0.0,0,0,0,0,7,81,personal sin hacer nada
2022-01-09,2022,1,6,Domingo,1,8,0,,,0,0,0,ninguna,ninguna,6.4,14.5,-1.6,0.0,0,0,0,0,6,81,personal suficiente
2022-01-12,2022,1,2,Miércoles,0,11,0,,,0,0,0,ninguna,ninguna,7.0,15.0,-1.0,0.0,0,0,0,0,6,37,personal sin hacer nada
2022-01-13,2022,1,3,Jueves,0,12,0,,,0,0,0,ninguna,ninguna,4.8,11.8,-2.3,0.0,0,0,0,0,4,56,personal sin hacer nada
2022-01-14,2022,1,4,Viernes,0,13,0,,,0,0,0,ninguna,ninguna,3.8,11.1,-3.4,0.0,0,0,0,0,6,66,personal sin hacer nada
2022-01-15,2022,1,5,Sábado,1,14,0,,,0,0,0,ninguna,ninguna,3.3,10.5,-3.9,0.0,0,0,0,0,8,87,personal sin hacer nada
2022-01-16,2022,1,6,Domingo,1,15,0,,,0,0,0,ninguna,ninguna,4.0,11.8,-3.9,0.0,0,0,0,0,6,71,personal sin hacer nada
2022-01-19,2022,1,2,Miércoles,0,18,0,,,0,0,0,ninguna,ninguna,4.9,14.9,-5.1,0.0,0,0,0,0,5,32,personal sin hacer nada
2022-01-20,2022,1,3,Jueves,0,19,0,,,0,0,0,ninguna,ninguna,4.6,13.9,-4.8,0.0,0,0,0,0,6,47,personal sin hacer nada
2022-01-21,2022,1,4,Viernes,0,20,0,,,0,0,0,ninguna,ninguna,3.6,10.5,-3.4,0.0,0,0,0,0,6,55,personal sin hacer nada
2022-01-22,2022,1,5,Sábado,1,21,0,,,0,0,0,ninguna,ninguna,4.7,12.3,-2.9,0.0,0,0,0,0,8,91,personal sin hacer nada
2022-01-23,2022,1,6,Domingo,1,22,0,,,0,0,0,ninguna,ninguna,4.8,12.4,-2.9,0.0,0,0,0,0,7,68,personal suficiente
2022-01-26,2022,1,2,Miércoles,0,25,0,,,0,0,0,ninguna,ninguna,5.5,13.9,-2.9,0.0,0,0,0,0,6,34,personal sin hacer nada
2022-01-27,2022,1,3,Jueves,0,26,0,,,0,0,0,ninguna,ninguna,7.1,16.0,-1.8,0.0,0,0,0,0,4,43,personal sin hacer nada
2022-01-28,2022,1,4,Viernes,0,27,0,,,0,0,0,ninguna,ninguna,7.35,17.25,-2.6,0.0,0,1,0,1,6,108,personal ocupado
2022-01-29,2022,1,5,Sábado,1,28,0,,,0,0,0,ninguna,ninguna,7.6,18.5,-3.4,0.0,0,0,0,0,6,67,personal sin hacer nada
2022-01-30,2022,1,6,Domingo,1,29,0,,,0,0,0,ninguna,ninguna,7.4,19.2,-4.3,0.0,0,0,0,0,7,104,personal sin hacer nada
2022-02-02,2022,2,2,Miércoles,0,32,0,,,0,0,0,ninguna,ninguna,10.4,20.6,0.1,0.0,0,0,0,0,5,44,personal sin hacer nada
2022-02-03,2022,2,3,Jueves,0,33,0,,,0,0,0,ninguna,ninguna,8.6,18.9,-1.6,0.0,0,0,0,0,3,51,personal ocupado
2022-02-04,2022,2,4,Viernes,0,34,0,,,0,0,0,ninguna,ninguna,9.0,14.8,3.2,0.0,0,0,0,0,4,76,personal ocupado
2022-02-05,2022,2,5,Sábado,1,35,0,,,0,0,0,ninguna,ninguna,9.3,16.5,2.1,0.0,0,0,0,0,7,128,personal suficiente
2022-02-06,2022,2,6,Domingo,1,36,0,,,0,0,0,ninguna,ninguna,7.8,16.6,-0.9,0.0,0,0,0,0,6,97,personal ocupado
2022-02-09,2022,2,2,Miércoles,0,39,0,,,0,0,0,ninguna,ninguna,8.3,17.3,-0.7,0.0,0,0,0,0,3,39,personal sin hacer nada
2022-02-10,2022,2,3,Jueves,0,40,0,,,0,0,0,ninguna,ninguna,8.3,17.5,-0.9,0.0,0,0,0,0,4,49,personal suficiente
2022-02-11,2022,2,4,Viernes,0,41,0,,,0,0,0,ninguna,ninguna,9.0,18.7,-0.7,0.0,0,0,0,0,6,64,personal suficiente
2022-02-12,2022,2,5,Sábado,1,42,0,,,0,0,0,ninguna,ninguna,9.8,17.4,2.1,0.0,0,0,0,0,7,97,personal suficiente
2022-02-13,2022,2,6,Domingo,1,43,0,,,0,0,0,ninguna,ninguna,9.5,15.2,3.8,0.4,0,0,0,0,6,110,personal ocupado
2022-02-16,2022,2,2,Miércoles,0,46,0,,,0,0,0,ninguna,ninguna,8.4,16.7,0.1,0.0,0,0,0,0,3,39,personal sin hacer nada
2022-02-17,2022,2,3,Jueves,0,47,0,,,0,0,0,ninguna,ninguna,9.7,19.4,0.0,0.0,0,0,0,0,4,56,personal suficiente
2022-02-18,2022,2,4,Viernes,0,48,0,,,0,0,0,ninguna,ninguna,10.8,20.7,1.0,0.0,0,0,0,0,5,69,personal suficiente
2022-02-19,2022,2,5,Sábado,1,49,0,,,0,0,0,ninguna,ninguna,8.0,14.8,1.1,0.0,0,0,0,0,6,117,personal ocupado
2022-02-20,2022,2,6,Domingo,1,50,0,,,0,0,0,ninguna,ninguna,7.4,17.8,-3.0,0.0,0,0,0,0,8,75,personal suficiente
2022-02-23,2022,2,2,Miércoles,0,53,0,,,0,0,0,ninguna,ninguna,10.6,21.4,-0.3,0.0,0,0,0,0,6,44,personal suficiente
2022-02-24,2022,2,3,Jueves,0,54,0,,,0,0,0,ninguna,ninguna,10.4,19.4,1.5,0.2,0,0,0,0,6,55,personal sin hacer nada
2022-02-25,2022,2,4,Viernes,0,55,0,,,0,0,0,ninguna,ninguna,9.6,11.9,7.3,2.6,0,0,0,0,5,94,personal ocupado
2022-02-26,2022,2,5,Sábado,1,56,0,,,0,0,0,ninguna,ninguna,9.4,10.9,7.8,1.2,0,0,0,0,7,163,personal suficiente
2022-02-27,2022,2,6,Domingo,1,57,0,,,0,0,0,ninguna,ninguna,10.1,15.9,4.3,0.2,0,0,0,0,6,98,personal ocupado
2022-03-02,2022,3,2,Miércoles,0,60,0,,,0,0,0,ninguna,ninguna,11.7,18.2,5.2,0.0,0,0,0,0,5,53,personal sin hacer nada
2022-03-03,2022,3,3,Jueves,0,61,0,,,0,0,0,ninguna,ninguna,7.4,10.6,4.3,14.6,0,0,0,0,6,41,personal sin hacer nada
2022-03-04,2022,3,4,Viernes,0,62,0,,,0,0,0,ninguna,ninguna,9.6,13.9,5.4,0.0,0,0,0,0,4,88,personal ocupado
2022-03-05,2022,3,5,Sábado,1,63,0,,,0,0,0,ninguna,ninguna,7.6,13.4,1.8,0.0,0,0,0,0,6,113,personal ocupado
2022-03-06,2022,3,6,Domingo,1,64,0,,,0,0,0,ninguna,ninguna,8.1,13.1,3.1,0.4,0,0,0,0,7,94,personal suficiente
2022-03-09,2022,3,2,Miércoles,0,67,0,,,0,0,0,ninguna,ninguna,8.2,15.3,1.2,0.0,0,0,0,0,6,48,personal sin hacer nada
2022-03-10,2022,3,3,Jueves,0,68,0,,,0,0,0,ninguna,ninguna,11.5,15.9,7.1,0.0,0,0,0,0,6,68,personal sin hacer nada
2022-03-11,2022,3,4,Viernes,0,69,0,,,0,0,0,ninguna,ninguna,10.0,13.8,6.2,3.4,0,0,0,0,6,81,personal sin hacer nada
2022-03-12,2022,3,5,Sábado,1,70,0,,,0,0,0,ninguna,ninguna,7.4,13.2,1.6,7.0,0,0,0,0,6,86,personal suficiente
2022-03-13,2022,3,6,Domingo,1,71,0,,,0,0,0,ninguna,ninguna,9.4,14.7,4.0,0.8,0,0,0,0,8,115,personal sin hacer nada
2022-03-16,2022,3,2,Miércoles,0,74,0,,,0,0,0,ninguna,ninguna,13.3,15.9,10.7,0.0,0,0,0,0,6,46,personal suficiente
2022-03-17,2022,3,3,Jueves,0,75,0,,,0,0,0,ninguna,ninguna,11.0,13.2,8.8,0.0,0,0,0,0,5,66,personal sin hacer nada
2022-03-18,2022,3,4,Viernes,0,76,0,,,0,0,0,ninguna,ninguna,10.8,15.3,6.4,0.0,0,0,0,0,3,85,falta de personal
2022-03-19,2022,3,5,Sábado,1,77,0,,,0,0,0,ninguna,ninguna,10.2,15.1,5.2,0.0,0,0,0,0,8,125,personal ocupado
2022-03-20,2022,3,6,Domingo,1,78,0,,,0,0,0,ninguna,ninguna,11.6,15.7,7.6,3.4,0,0,0,0,8,96,personal sin hacer nada
2022-03-23,2022,3,2,Miércoles,0,81,0,,,0,0,0,ninguna,ninguna,10.6,14.2,7.1,0.4,0,0,0,0,4,38,personal sin hacer nada
2022-03-24,2022,3,3,Jueves,0,82,0,,,0,0,0,ninguna,ninguna,10.8,14.0,7.5,2.4,0,0,0,0,5,60,personal sin hacer nada
2022-03-25,2022,3,4,Viernes,0,83,0,,,0,0,0,ninguna,ninguna,11.4,14.1,8.8,1.0,0,0,0,0,3,114,falta de personal
2022-03-26,2022,3,5,Sábado,1,84,0,,,0,0,0,ninguna,ninguna,11.1,13.9,8.3,0.4,0,0,0,0,7,128,personal ocupado
2022-03-27,2022,3,6,Domingo,1,85,0,,,0,0,0,ninguna,ninguna,11.1,15.5,6.7,0.0,0,0,0,0,7,131,personal ocupado
2022-03-30,2022,3,2,Miércoles,0,88,0,,,0,0,0,ninguna,ninguna,9.4,12.6,6.1,1.6,0,0,0,0,3,57,personal ocupado
2022-03-31,2022,3,3,Jueves,0,89,0,,,0,0,0,ninguna,ninguna,9.0,15.6,2.3,3.0,0,0,0,0,3,62,personal ocupado
2022-04-01,2022,4,4,Viernes,0,90,0,,,0,0,0,ninguna,ninguna,7.2,11.9,2.6,0.2,0,0,0,0,6,81,personal suficiente
2022-04-02,2022,4,5,Sábado,1,91,0,,,0,0,0,ninguna,ninguna,6.7,12.5,0.9,0.0,0,0,0,0,8,104,personal suficiente
2022-04-03,2022,4,6,Domingo,1,92,0,,,0,0,0,ninguna,ninguna,5.2,12.4,-2.0,0.0,0,0,0,0,6,75,personal suficiente
2022-04-06,2022,4,2,Miércoles,0,95,0,,,0,0,0,ninguna,ninguna,10.8,17.4,4.1,0.0,0,0,0,0,3,43,personal sin hacer nada
2022-04-07,2022,4,3,Jueves,0,96,0,,,0,0,0,ninguna,ninguna,12.0,20.1,3.9,0.0,0,0,0,0,5,64,personal sin hacer nada
2022-04-08,2022,4,4,Viernes,0,97,0,,,0,0,0,ninguna,ninguna,11.6,17.0,6.1,0.0,0,0,0,0,6,90,personal ocupado
2022-04-09,2022,4,5,Sábado,1,98,0,,,0,0,0,ninguna,ninguna,14.0,19.2,8.8,0.0,0,0,0,0,8,136,personal ocupado
2022-04-10,2022,4,6,Domingo,1,99,0,,,0,0,1,Vacaciones de Semana Santa,semana_santa,15.8,24.3,7.2,0.0,0,0,0,0,8,160,personal ocupado
2022-04-11,2022,4,0,Lunes,0,100,0,,,0,0,1,Vacaciones de Semana Santa,semana_santa,16.7,24.0,9.4,6.6,0,0,0,0,6,60,personal suficiente
2022-04-12,2022,4,1,Martes,0,101,0,,,0,0,1,Vacaciones de Semana Santa,semana_santa,12.0,16.1,7.9,2.0,0,0,0,0,7,73,personal sin hacer nada
2022-04-13,2022,4,2,Miércoles,0,102,0,,,1,0,1,Vacaciones de Semana Santa,semana_santa,11.9,19.9,3.9,0.0,0,0,0,0,6,51,personal sin hacer nada
2022-04-14,2022,4,3,Jueves,0,103,1,Jueves Santo,nacional,1,0,1,Vacaciones de Semana Santa,semana_santa,17.0,23.6,10.3,0.0,0,0,0,0,7,102,personal suficiente
2022-04-15,2022,4,4,Viernes,0,104,1,Viernes Santo,nacional,0,0,1,Vacaciones de Semana Santa,semana_santa,16.4,26.1,6.6,0.0,0,0,0,0,5,167,personal ocupado
2022-04-16,2022,4,5,Sábado,1,105,0,,,0,0,1,Vacaciones de Semana Santa,semana_santa,17.6,27.6,7.6,0.0,0,0,0,0,8,156,personal suficiente
2022-04-17,2022,4,6,Domingo,1,106,0,,,0,0,1,Vacaciones de Semana Santa,semana_santa,16.8,26.7,7.0,0.0,0,0,0,0,8,160,personal ocupado
2022-04-18,2022,4,0,Lunes,0,107,0,,,0,0,1,Vacaciones de Semana Santa,semana_santa,18.5,26.8,10.2,0.0,0,0,0,0,7,71,personal sin hacer nada
2022-04-19,2022,4,1,Martes,0,108,0,,,0,0,1,Vacaciones de Semana Santa,semana_santa,14.4,21.5,7.3,12.0,0,0,0,0,6,59,personal sin hacer nada
2022-04-20,2022,4,2,Miércoles,0,109,0,,,0,0,1,Vacaciones de Semana Santa,semana_santa,8.6,13.1,4.1,0.8,0,0,0,0,7,56,personal sin hacer nada
2022-04-21,2022,4,3,Jueves,0,110,0,,,0,0,1,Vacaciones de Semana Santa,semana_santa,9.8,17.4,2.3,0.0,0,0,0,0,7,79,personal sin hacer nada
2022-04-22,2022,4,4,Viernes,0,111,0,,,0,0,1,Vacaciones de Semana Santa,semana_santa,9.8,12.9,6.7,12.8,0,0,0,0,6,70,personal suficiente
2022-04-23,2022,4,5,Sábado,1,112,0,,,0,0,1,Vacaciones de Semana Santa,semana_santa,9.7,13.6,5.8,0.6,0,0,0,0,7,201,personal ocupado
2022-04-24,2022,4,6,Domingo,1,113,0,,,0,0,1,Vacaciones de Semana Santa,semana_santa,10.2,18.4,1.9,0.0,0,0,0,0,6,139,personal ocupado
2022-04-27,2022,4,2,Miércoles,0,116,0,,,0,0,0,ninguna,ninguna,14.4,18.3,10.4,1.6,0,0,0,0,6,38,personal suficiente
2022-04-28,2022,4,3,Jueves,0,117,0,,,0,0,0,ninguna,ninguna,12.8,16.3,9.2,9.4,0,0,0,0,4,51,personal suficiente
2022-04-29,2022,4,4,Viernes,0,118,0,,,0,0,0,ninguna,ninguna,16.4,24.3,8.5,0.0,0,0,0,0,3,97,falta de personal
2022-04-30,2022,4,5,Sábado,1,119,0,,,1,0,0,ninguna,ninguna,16.8,24.1,9.6,0.2,0,0,0,0,8,109,personal suficiente
2022-05-01,2022,5,6,Domingo,1,120,1,Día del Trabajo,nacional,1,0,0,ninguna,ninguna,18.2,25.6,10.8,0.0,0,0,0,0,6,128,personal suficiente
2022-05-02,2022,5,0,Lunes,0,121,1,Día de la Comunidad de Madrid,autonomico,0,0,0,ninguna,ninguna,14.8,20.5,9.2,1.6,0,0,0,0,7,49,personal sin hacer nada
2022-05-04,2022,5,2,Miércoles,0,123,0,,,0,0,0,ninguna,ninguna,16.0,21.8,10.2,0.0,0,0,0,0,6,49,personal sin hacer nada
2022-05-05,2022,5,3,Jueves,0,124,0,,,0,0,0,ninguna,ninguna,16.4,25.1,7.7,0.0,0,0,0,0,6,80,personal suficiente
2022-05-06,2022,5,4,Viernes,0,125,0,,,0,0,0,ninguna,ninguna,15.8,25.7,5.8,0.0,0,0,0,0,4,100,personal ocupado
2022-05-07,2022,5,5,Sábado,1,126,0,,,0,0,0,ninguna,ninguna,16.4,26.1,6.8,0.0,0,0,0,0,6,216,falta de personal
2022-05-08,2022,5,6,Domingo,1,127,0,,,0,0,0,ninguna,ninguna,18.6,28.5,8.8,0.0,0,0,0,0,8,154,personal suficiente
2022-05-11,2022,5,2,Miércoles,0,130,0,,,0,0,0,ninguna,ninguna,23.2,31.9,14.5,0.0,0,0,0,0,5,50,personal sin hacer nada
2022-05-12,2022,5,3,Jueves,0,131,0,,,0,0,0,ninguna,ninguna,22.2,28.9,15.6,0.0,0,0,0,0,6,71,personal suficiente
2022-05-13,2022,5,4,Viernes,0,132,0,,,0,0,0,ninguna,ninguna,22.1,31.4,12.8,0.0,0,0,0,0,4,126,personal ocupado
2022-05-14,2022,5,5,Sábado,1,133,0,,,0,0,0,ninguna,ninguna,22.9,30.9,14.9,0.0,0,0,0,0,8,199,falta de personal
2022-05-15,2022,5,6,Domingo,1,134,0,,,0,0,0,ninguna,ninguna,20.4,26.6,14.1,0.0,0,0,0,0,7,100,personal suficiente
2022-05-18,2022,5,2,Miércoles,0,137,0,,,0,0,0,ninguna,ninguna,23.7,33.9,13.5,0.0,0,0,0,0,4,49,personal sin hacer nada
2022-05-19,2022,5,3,Jueves,0,138,0,,,0,0,0,ninguna,ninguna,26.2,36.6,15.7,0.0,0,0,0,0,6,76,personal sin hacer nada
2022-05-20,2022,5,4,Viernes,0,139,0,,,0,0,0,ninguna,ninguna,27.0,36.1,17.9,0.0,0,0,0,0,6,94,personal ocupado
2022-05-21,2022,5,5,Sábado,1,140,0,,,0,0,0,ninguna,ninguna,26.7,36.4,17.0,0.4,0,0,0,0,8,153,personal ocupado
2022-05-22,2022,5,6,Domingo,1,141,0,,,0,0,0,ninguna,ninguna,23.2,30.1,16.4,0.0,0,0,0,0,7,161,personal ocupado
2022-05-25,2022,5,2,Miércoles,0,144,0,,,0,0,0,ninguna,ninguna,16.2,26.1,6.2,0.0,0,0,0,0,5,54,personal sin hacer nada
2022-05-26,2022,5,3,Jueves,0,145,0,,,0,0,0,ninguna,ninguna,19.6,29.8,9.4,0.0,0,0,0,0,3,95,falta de personal
2022-05-27,2022,5,4,Viernes,0,146,0,,,0,0,0,ninguna,ninguna,24.4,34.5,14.4,0.0,0,0,0,0,5,107,personal ocupado
2022-05-28,2022,5,5,Sábado,1,147,0,,,0,0,0,ninguna,ninguna,23.8,35.1,12.6,0.0,0,0,0,0,6,249,personal ocupado
2022-05-29,2022,5,6,Domingo,1,148,0,,,0,0,0,ninguna,ninguna,22.4,32.0,12.7,0.0,0,0,0,0,6,129,personal ocupado
2022-06-01,2022,6,2,Miércoles,0,151,0,,,0,0,0,ninguna,ninguna,21.8,31.1,12.4,0.0,0,0,0,0,3,61,personal ocupado
2022-06-02,2022,6,3,Jueves,0,152,0,,,0,0,0,ninguna,ninguna,21.8,30.1,13.4,0.0,0,0,0,0,4,80,personal ocupado
2022-06-03,2022,6,4,Viernes,0,153,0,,,0,0,0,ninguna,ninguna,21.6,29.3,14.0,0.0,0,0,0,0,4,123,falta de personal
2022-06-04,2022,6,5,Sábado,1,154,0,,,0,0,0,ninguna,ninguna,19.8,28.9,10.8,0.0,0,0,0,0,7,135,personal ocupado
2022-06-05,2022,6,6,Domingo,1,155,0,,,0,0,0,ninguna,ninguna,21.3,31.1,11.5,0.0,0,0,0,0,6,161,falta de personal
2022-06-08,2022,6,2,Miércoles,0,158,0,,,0,0,0,ninguna,ninguna,24.2,31.1,17.2,0.0,0,0,0,0,3,61,personal suficiente
2022-06-09,2022,6,3,Jueves,0,159,0,,,0,0,0,ninguna,ninguna,25.3,35.7,14.9,0.0,0,0,0,0,5,102,personal ocupado
2022-06-10,2022,6,4,Viernes,0,160,0,,,0,0,0,ninguna,ninguna,27.9,38.9,16.9,0.0,0,0,0,0,6,114,personal ocupado
2022-06-11,2022,6,5,Sábado,1,161,0,,,0,0,0,ninguna,ninguna,29.8,39.3,20.3,0.0,0,0,0,0,6,115,personal suficiente
2022-06-12,2022,6,6,Domingo,1,162,0,,,0,0,0,ninguna,ninguna,29.5,38.8,20.2,0.0,0,0,0,0,6,127,personal ocupado
2022-06-15,2022,6,2,Miércoles,0,165,0,,,0,0,0,ninguna,ninguna,30.6,40.5,20.8,0.0,0,0,0,0,6,38,personal sin hacer nada
2022-06-16,2022,6,3,Jueves,0,166,0,,,0,0,0,ninguna,ninguna,32.8,40.9,24.6,0.0,0,0,0,0,4,60,personal suficiente
2022-06-17,2022,6,4,Viernes,0,167,0,,,0,0,0,ninguna,ninguna,32.0,41.4,22.7,0.0,0,0,0,0,6,96,personal suficiente
2022-06-18,2022,6,5,Sábado,1,168,0,,,0,0,0,ninguna,ninguna,32.0,40.9,23.2,0.0,0,0,0,0,7,110,personal ocupado
2022-06-19,2022,6,6,Domingo,1,169,0,,,0,0,0,ninguna,ninguna,23.9,29.9,17.9,0.0,0,0,0,0,6,131,personal ocupado
2022-06-22,2022,6,2,Miércoles,0,172,0,,,0,0,0,ninguna,ninguna,19.6,25.3,13.8,2.2,0,0,0,0,6,52,personal sin hacer nada
2022-06-23,2022,6,3,Jueves,0,173,0,,,0,0,0,ninguna,ninguna,20.0,25.4,14.6,0.0,0,0,0,0,6,69,personal sin hacer nada
2022-06-24,2022,6,4,Viernes,0,174,0,,,0,0,0,ninguna,ninguna,19.9,28.5,11.3,0.0,0,0,0,0,6,112,personal suficiente
2022-06-25,2022,6,5,Sábado,1,175,0,,,0,0,0,ninguna,ninguna,20.6,28.4,12.7,0.0,0,0,0,0,7,170,personal ocupado
2022-06-26,2022,6,6,Domingo,1,176,0,,,0,0,0,ninguna,ninguna,21.6,29.1,14.1,0.0,0,0,0,0,7,156,personal ocupado
2022-06-29,2022,6,2,Miércoles,0,179,0,,,0,0,0,ninguna,ninguna,23.4,33.7,13.2,0.0,0,0,0,0,4,43,personal suficiente
2022-06-30,2022,6,3,Jueves,0,180,0,,,0,0,0,ninguna,ninguna,23.0,31.5,14.6,0.0,0,0,0,0,4,93,personal suficiente
2022-07-01,2022,7,4,Viernes,0,181,0,,,0,0,0,ninguna,ninguna,25.4,35.8,15.0,0.0,0,0,0,0,6,114,personal ocupado
2022-07-02,2022,7,5,Sábado,1,182,0,,,0,0,0,ninguna,ninguna,29.3,38.3,20.3,0.0,0,0,0,0,8,129,personal suficiente
2022-07-03,2022,7,6,Domingo,1,183,0,,,0,0,0,ninguna,ninguna,28.9,36.2,21.6,0.0,0,0,0,0,7,129,personal ocupado
2022-07-06,2022,7,2,Miércoles,0,186,0,,,0,0,0,ninguna,ninguna,26.6,33.1,20.2,0.0,0,0,0,0,3,60,personal suficiente
2022-07-07,2022,7,3,Jueves,0,187,0,,,0,0,0,ninguna,ninguna,25.8,34.5,17.1,0.0,0,0,0,0,3,70,personal ocupado
2022-07-08,2022,7,4,Viernes,0,188,0,,,0,0,0,ninguna,ninguna,27.6,37.9,17.3,0.0,0,0,0,0,4,113,falta de personal
2022-07-09,2022,7,5,Sábado,1,189,0,,,0,0,0,ninguna,ninguna,29.3,39.8,18.8,0.0,0,0,0,0,7,123,personal ocupado
2022-07-10,2022,7,6,Domingo,1,190,0,,,0,0,0,ninguna,ninguna,30.3,40.3,20.3,0.0,0,0,0,0,6,120,personal suficiente
2022-07-13,2022,7,2,Miércoles,0,193,0,,,0,0,0,ninguna,ninguna,32.6,41.8,23.4,0.0,0,0,0,0,4,38,personal sin hacer nada
2022-07-14,2022,7,3,Jueves,0,194,0,,,0,0,0,ninguna,ninguna,33.5,43.6,23.4,0.0,0,0,0,0,5,59,personal suficiente
2022-07-15,2022,7,4,Viernes,0,195,0,,,0,0,0,ninguna,ninguna,32.6,42.1,23.2,0.0,0,0,0,0,4,87,personal ocupado
2022-07-16,2022,7,5,Sábado,1,196,0,,,0,0,0,ninguna,ninguna,33.0,41.7,24.2,0.0,0,0,0,0,8,143,personal ocupado
2022-07-17,2022,7,6,Domingo,1,197,0,,,0,0,0,ninguna,ninguna,32.8,41.6,24.1,0.0,0,0,0,0,6,98,personal suficiente
2022-07-20,2022,7,2,Miércoles,0,200,0,,,0,0,0,ninguna,ninguna,27.2,39.3,15.2,0.0,0,0,0,0,3,54,personal ocupado
2022-07-21,2022,7,3,Jueves,0,201,0,,,0,0,0,ninguna,ninguna,31.0,39.5,22.4,0.0,0,0,0,0,6,82,personal sin hacer nada
2022-07-22,2022,7,4,Viernes,0,202,0,,,0,0,0,ninguna,ninguna,29.9,38.9,20.9,0.0,0,0,0,0,3,86,falta de personal
2022-07-23,2022,7,5,Sábado,1,203,0,,,0,0,0,ninguna,ninguna,28.1,40.1,16.1,0.0,0,0,0,0,7,155,personal ocupado
2022-07-24,2022,7,6,Domingo,1,204,0,,,0,0,0,ninguna,ninguna,28.0,40.6,15.5,0.0,0,0,0,0,7,122,personal suficiente
2022-07-27,2022,7,2,Miércoles,0,207,0,,,0,0,0,ninguna,ninguna,29.1,37.1,21.1,0.0,0,0,0,0,5,38,personal suficiente
2022-07-28,2022,7,3,Jueves,0,208,0,,,0,0,0,ninguna,ninguna,28.6,37.3,19.9,0.0,0,0,0,0,5,72,personal sin hacer nada
2022-07-29,2022,7,4,Viernes,0,209,0,,,0,0,0,ninguna,ninguna,28.1,37.8,18.4,0.0,0,0,0,0,3,101,personal ocupado
2022-07-30,2022,7,5,Sábado,1,210,0,,,0,0,0,ninguna,ninguna,30.7,39.3,22.1,5.4,0,0,0,0,6,107,personal ocupado
2022-07-31,2022,7,6,Domingo,1,211,0,,,0,0,0,ninguna,ninguna,29.9,38.2,21.6,0.0,0,0,0,0,6,126,personal ocupado
2022-09-01,2022,9,3,Jueves,0,243,0,,,0,0,0,ninguna,ninguna,23.4,33.5,13.3,0.0,0,0,0,0,6,59,personal sin hacer nada
2022-09-02,2022,9,4,Viernes,0,244,0,,,0,0,0,ninguna,ninguna,23.4,31.0,15.9,0.0,0,0,0,0,6,101,personal ocupado
2022-09-03,2022,9,5,Sábado,1,245,0,,,0,0,0,ninguna,ninguna,21.8,29.6,14.0,0.0,0,0,0,0,7,165,personal suficiente
2022-09-04,2022,9,6,Domingo,1,246,0,,,0,0,0,ninguna,ninguna,21.7,31.0,12.4,0.0,0,0,0,0,7,126,personal ocupado
2022-09-07,2022,9,2,Miércoles,0,249,0,,,1,0,0,ninguna,ninguna,20.5,28.2,12.8,0.0,0,0,0,0,3,46,personal suficiente
2022-09-08,2022,9,3,Jueves,0,250,1,Virgen de la Soledad (fiesta local),local,1,0,0,ninguna,ninguna,24.1,30.2,18.0,0.0,0,0,0,0,5,91,personal ocupado
2022-09-09,2022,9,4,Viernes,0,251,1,Fiesta local de Arganda del Rey,local,0,0,0,ninguna,ninguna,25.8,32.8,18.7,0.0,0,0,0,0,5,104,personal ocupado
2022-09-10,2022,9,5,Sábado,1,252,0,,,0,0,0,ninguna,ninguna,25.4,35.0,15.9,0.0,0,0,0,0,7,182,falta de personal
2022-09-11,2022,9,6,Domingo,1,253,0,,,0,0,0,ninguna,ninguna,27.0,37.0,16.9,1.0,0,0,0,0,6,111,personal suficiente
2022-09-14,2022,9,2,Miércoles,0,256,0,,,0,0,0,ninguna,ninguna,20.2,25.6,14.7,0.0,0,0,0,0,4,57,personal suficiente
2022-09-15,2022,9,3,Jueves,0,257,0,,,0,0,0,ninguna,ninguna,22.2,27.2,17.3,0.0,0,0,0,0,5,78,personal suficiente
2022-09-16,2022,9,4,Viernes,0,258,0,,,0,0,0,ninguna,ninguna,22.4,30.1,14.6,0.0,0,0,0,0,5,93,personal ocupado
2022-09-17,2022,9,5,Sábado,1,259,0,,,0,0,0,ninguna,ninguna,23.4,30.9,15.9,0.0,0,0,0,0,7,118,personal suficiente
2022-09-18,2022,9,6,Domingo,1,260,0,,,0,0,0,ninguna,ninguna,23.7,30.1,17.3,0.2,0,0,0,0,8,119,personal sin hacer nada
2022-09-21,2022,9,2,Miércoles,0,263,0,,,0,0,0,ninguna,ninguna,22.6,29.8,15.4,0.0,0,0,0,0,3,40,personal sin hacer nada
2022-09-22,2022,9,3,Jueves,0,264,0,,,0,0,0,ninguna,ninguna,21.9,29.9,13.9,0.0,0,0,0,0,3,66,personal suficiente
2022-09-23,2022,9,4,Viernes,0,265,0,,,0,0,0,ninguna,ninguna,22.4,29.0,15.8,0.0,0,0,0,0,6,118,personal ocupado
2022-09-24,2022,9,5,Sábado,1,266,0,,,0,0,0,ninguna,ninguna,19.8,27.5,12.2,0.0,0,0,0,0,6,124,personal suficiente
2022-09-25,2022,9,6,Domingo,1,267,0,,,0,0,0,ninguna,ninguna,17.4,23.5,11.4,0.0,0,0,0,0,6,125,personal ocupado
2022-09-28,2022,9,2,Miércoles,0,270,0,,,0,0,0,ninguna,ninguna,16.6,25.0,8.1,0.0,0,0,0,0,3,53,personal suficiente
2022-09-29,2022,9,3,Jueves,0,271,0,,,0,0,0,ninguna,ninguna,14.0,18.1,9.9,0.0,0,0,0,0,6,64,personal suficiente
2022-09-30,2022,9,4,Viernes,0,272,0,,,0,0,0,ninguna,ninguna,14.8,22.6,6.9,0.0,0,0,0,0,4,92,personal suficiente
2022-10-01,2022,10,5,Sábado,1,273,0,,,0,0,0,ninguna,ninguna,16.2,26.4,6.1,0.0,0,0,0,0,7,150,personal ocupado
2022-10-02,2022,10,6,Domingo,1,274,0,,,0,0,0,ninguna,ninguna,19.8,31.3,8.2,0.0,0,0,0,0,8,128,personal ocupado
2022-10-05,2022,10,2,Miércoles,0,277,0,,,0,0,0,ninguna,ninguna,20.8,30.2,11.3,0.0,0,0,0,0,3,61,personal suficiente
2022-10-06,2022,10,3,Jueves,0,278,0,,,0,0,0,ninguna,ninguna,20.8,28.3,13.4,0.0,0,0,0,0,4,70,personal ocupado
2022-10-07,2022,10,4,Viernes,0,279,0,,,0,0,0,ninguna,ninguna,19.5,26.5,12.5,0.0,0,0,0,0,4,107,falta de personal
2022-10-08,2022,10,5,Sábado,1,280,0,,,0,0,0,ninguna,ninguna,20.2,28.2,12.1,0.0,0,0,0,0,8,160,personal ocupado
2022-10-09,2022,10,6,Domingo,1,281,0,,,0,0,0,ninguna,ninguna,20.6,27.1,14.1,0.0,0,0,0,0,7,96,personal sin hacer nada
2022-10-12,2022,10,2,Miércoles,0,284,1,Fiesta Nacional de España,nacional,0,0,0,ninguna,ninguna,18.1,25.5,10.7,0.0,0,0,0,0,7,82,personal sin hacer nada
2022-10-13,2022,10,3,Jueves,0,285,0,,,0,0,0,ninguna,ninguna,18.5,26.3,10.7,0.0,0,0,1,1,4,74,personal ocupado
2022-10-14,2022,10,4,Viernes,0,286,0,,,0,0,0,ninguna,ninguna,18.8,29.0,8.6,0.0,0,0,0,0,3,106,personal ocupado
2022-10-15,2022,10,5,Sábado,1,287,0,,,0,0,0,ninguna,ninguna,18.8,28.6,9.1,0.0,0,0,0,0,6,141,personal ocupado
2022-10-16,2022,10,6,Domingo,1,288,0,,,0,0,0,ninguna,ninguna,18.4,28.0,8.8,0.0,0,0,0,0,6,137,personal suficiente
2022-10-19,2022,10,2,Miércoles,0,291,0,,,0,0,0,ninguna,ninguna,21.2,28.5,14.0,0.0,0,0,1,1,3,56,personal suficiente
2022-10-20,2022,10,3,Jueves,0,292,0,,,0,0,0,ninguna,ninguna,18.8,22.7,14.8,0.0,0,0,1,1,6,77,personal sin hacer nada
2022-10-21,2022,10,4,Viernes,0,293,0,,,0,0,0,ninguna,ninguna,17.0,19.3,14.8,0.0,0,0,1,1,5,96,personal ocupado
2022-10-22,2022,10,5,Sábado,1,294,0,,,0,0,0,ninguna,ninguna,18.5,24.0,13.0,0.0,0,0,1,1,6,152,personal ocupado
2022-10-23,2022,10,6,Domingo,1,295,0,,,0,0,0,ninguna,ninguna,16.2,18.8,13.5,0.0,0,0,1,1,7,117,personal ocupado
2022-10-26,2022,10,2,Miércoles,0,298,0,,,0,0,0,ninguna,ninguna,18.7,24.6,12.8,0.0,0,0,1,1,3,78,falta de personal
2022-10-27,2022,10,3,Jueves,0,299,0,,,0,0,0,ninguna,ninguna,20.5,27.3,13.7,0.0,0,0,1,1,4,74,personal ocupado
2022-10-28,2022,10,4,Viernes,0,300,0,,,0,0,0,ninguna,ninguna,20.2,28.1,12.2,0.0,0,0,1,1,3,98,falta de personal
2022-10-29,2022,10,5,Sábado,1,301,0,,,0,0,0,ninguna,ninguna,20.0,27.7,12.2,0.0,0,0,1,1,7,164,personal ocupado
2022-10-30,2022,10,6,Domingo,1,302,0,,,0,0,0,ninguna,ninguna,15.8,20.9,10.8,0.0,0,0,1,1,8,105,personal sin hacer nada
2022-11-01,2022,11,1,Martes,0,304,1,Todos los Santos,nacional,0,0,0,ninguna,ninguna,16.0,21.9,10.1,0.0,0,0,1,1,7,73,personal sin hacer nada
2022-11-02,2022,11,2,Miércoles,0,305,0,,,0,0,0,ninguna,ninguna,16.2,23.7,8.7,0.0,0,0,1,1,6,47,personal suficiente
2022-11-03,2022,11,3,Jueves,0,306,0,,,0,0,0,ninguna,ninguna,15.0,18.9,11.0,0.0,0,0,1,1,6,61,personal sin hacer nada
2022-11-04,2022,11,4,Viernes,0,307,0,,,0,0,0,ninguna,ninguna,11.6,18.1,5.0,0.0,0,0,1,1,6,104,personal ocupado
2022-11-05,2022,11,5,Sábado,1,308,0,,,0,0,0,ninguna,ninguna,10.8,19.1,2.6,0.0,0,0,1,1,6,165,falta de personal
2022-11-06,2022,11,6,Domingo,1,309,0,,,0,0,0,ninguna,ninguna,11.2,20.6,1.8,0.0,0,0,1,1,8,113,personal sin hacer nada
2022-11-09,2022,11,2,Miércoles,0,312,0,,,0,0,0,ninguna,ninguna,12.4,17.5,7.4,0.0,0,0,1,1,4,59,personal sin hacer nada
2022-11-10,2022,11,3,Jueves,0,313,0,,,0,0,0,ninguna,ninguna,11.6,19.0,4.1,0.0,0,0,1,1,6,76,personal sin hacer nada
2022-11-11,2022,11,4,Viernes,0,314,0,,,0,0,0,ninguna,ninguna,11.2,17.6,4.9,0.0,0,0,1,1,3,76,falta de personal
2022-11-12,2022,11,5,Sábado,1,315,0,,,0,0,0,ninguna,ninguna,15.8,20.9,10.6,0.0,0,0,1,1,6,136,personal ocupado
2022-11-13,2022,11,6,Domingo,1,316,0,,,0,0,0,ninguna,ninguna,13.3,19.7,6.9,0.0,0,0,1,1,8,102,personal suficiente
2022-11-16,2022,11,2,Miércoles,0,319,0,,,0,0,0,ninguna,ninguna,12.6,14.0,11.2,0.0,0,0,1,1,4,40,personal sin hacer nada
2022-11-17,2022,11,3,Jueves,0,320,0,,,0,0,0,ninguna,ninguna,14.8,18.4,11.2,0.0,0,0,1,1,3,88,falta de personal
2022-11-18,2022,11,4,Viernes,0,321,0,,,0,0,0,ninguna,ninguna,11.6,14.9,8.3,0.0,0,0,1,1,5,89,personal suficiente
2022-11-19,2022,11,5,Sábado,1,322,0,,,0,0,0,ninguna,ninguna,9.6,13.9,5.4,0.0,0,0,1,1,6,94,personal suficiente
2022-11-20,2022,11,6,Domingo,1,323,0,,,0,0,0,ninguna,ninguna,10.0,17.9,2.1,0.0,0,0,1,1,7,74,personal sin hacer nada
2022-11-23,2022,11,2,Miércoles,0,326,0,,,0,0,0,ninguna,ninguna,14.8,17.7,12.0,0.0,0,0,0,0,5,49,personal suficiente
2022-11-24,2022,11,3,Jueves,0,327,0,,,0,0,0,ninguna,ninguna,12.8,17.3,8.4,3.6,0,0,0,0,5,67,personal sin hacer nada
2022-11-25,2022,11,4,Viernes,0,328,0,,,0,0,0,ninguna,ninguna,9.2,15.3,3.0,0.0,0,0,0,0,4,110,personal ocupado
2022-11-26,2022,11,5,Sábado,1,329,0,,,0,0,0,ninguna,ninguna,8.2,14.7,1.6,0.0,0,0,0,0,6,136,personal ocupado
2022-11-27,2022,11,6,Domingo,1,330,0,,,0,0,0,ninguna,ninguna,7.8,14.9,0.8,4.6,0,0,0,0,7,72,personal suficiente
2022-11-30,2022,11,2,Miércoles,0,333,0,,,0,0,0,ninguna,ninguna,7.2,13.2,1.1,0.0,0,0,0,0,3,42,personal suficiente
2022-12-01,2022,12,3,Jueves,0,334,0,,,0,0,0,ninguna,ninguna,7.1,12.55,1.6,0.0,0,1,1,1,3,93,falta de personal
2022-12-02,2022,12,4,Viernes,0,335,0,,,0,0,0,ninguna,ninguna,7.0,11.9,2.1,0.0,0,0,0,0,5,102,personal ocupado
2022-12-03,2022,12,5,Sábado,1,336,0,,,0,0,0,ninguna,ninguna,5.5,11.0,0.0,0.0,0,0,0,0,8,166,personal ocupado
2022-12-04,2022,12,6,Domingo,1,337,0,,,0,0,0,ninguna,ninguna,5.5,8.1,2.9,1.4,0,0,0,0,7,100,personal suficiente
2022-12-06,2022,12,1,Martes,0,339,1,Día de la Constitución,nacional,0,0,0,ninguna,ninguna,10.6,12.4,8.8,0.0,0,0,0,0,7,89,personal suficiente
2022-12-07,2022,12,2,Miércoles,0,340,0,,,1,0,0,ninguna,ninguna,10.7,14.3,7.1,1.4,0,0,0,0,4,56,personal sin hacer nada
2022-12-08,2022,12,3,Jueves,0,341,1,Inmaculada Concepción,nacional,0,0,0,ninguna,ninguna,10.4,13.6,7.3,14.8,0,0,0,0,5,48,personal sin hacer nada
2022-12-09,2022,12,4,Viernes,0,342,0,,,0,1,0,ninguna,ninguna,10.1,12.2,8.0,6.0,0,0,0,0,6,102,personal suficiente
2022-12-10,2022,12,5,Sábado,1,343,0,,,0,0,0,ninguna,ninguna,10.8,13.4,8.1,8.2,0,0,0,0,8,126,personal ocupado
2022-12-11,2022,12,6,Domingo,1,344,0,,,0,0,0,ninguna,ninguna,8.2,9.8,6.6,4.0,0,0,0,0,7,94,personal sin hacer nada
2022-12-14,2022,12,2,Miércoles,0,347,0,,,0,0,0,ninguna,ninguna,13.2,15.6,10.8,12.6,0,0,0,0,3,43,personal sin hacer nada
2022-12-15,2022,12,3,Jueves,0,348,0,,,0,0,0,ninguna,ninguna,10.0,12.1,7.9,0.2,0,0,0,0,6,104,personal ocupado
2022-12-16,2022,12,4,Viernes,0,349,0,,,0,0,0,ninguna,ninguna,9.2,12.4,5.9,1.4,0,0,0,0,6,116,personal suficiente
2022-12-17,2022,12,5,Sábado,1,350,0,,,0,0,0,ninguna,ninguna,10.7,13.1,8.3,0.0,0,0,0,0,6,171,falta de personal
2022-12-18,2022,12,6,Domingo,1,351,0,,,0,0,0,ninguna,ninguna,9.6,13.8,5.4,0.0,0,0,0,0,8,119,personal sin hacer nada
2022-12-21,2022,12,2,Miércoles,0,354,0,,,0,0,0,ninguna,ninguna,10.4,14.0,6.9,0.2,0,0,0,0,6,48,personal sin hacer nada
2022-12-22,2022,12,3,Jueves,0,355,0,,,0,0,0,ninguna,ninguna,13.2,15.5,11.0,0.0,0,0,0,0,5,95,personal ocupado
2022-12-23,2022,12,4,Viernes,0,356,0,,,0,0,0,ninguna,ninguna,11.3,12.6,10.0,0.0,0,0,0,0,5,114,personal ocupado
2022-12-24,2022,12,5,Sábado,1,357,0,,,1,0,0,ninguna,ninguna,8.8,11.6,6.0,0.0,0,0,0,0,7,177,personal ocupado
2022-12-28,2022,12,2,Miércoles,0,361,0,,,0,0,0,ninguna,ninguna,7.6,14.8,0.5,0.0,0,0,0,0,6,61,personal sin hacer nada
2022-12-29,2022,12,3,Jueves,0,362,0,,,0,0,0,ninguna,ninguna,9.6,12.9,6.4,0.0,0,0,0,0,6,102,personal ocupado
2022-12-30,2022,12,4,Viernes,0,363,0,,,0,0,0,ninguna,ninguna,10.4,14.6,6.2,0.0,0,0,0,0,5,110,personal ocupado
2022-12-31,2022,12,5,Sábado,1,364,0,,,1,0,0,ninguna,ninguna,8.6,16.6,0.6,0.0,0,0,0,0,7,156,personal ocupado
2023-01-01,2023,1,6,Domingo,1,365,1,Año Nuevo,nacional,0,0,1,Vacaciones de Navidad,navidad,9.4,15.5,3.4,0.0,0,0,0,0,8,128,personal ocupado
2023-01-02,2023,1,0,Lunes,0,366,0,,,0,0,1,Vacaciones de Navidad,navidad,10.6,12.8,8.3,0.0,0,0,0,0,3,31,personal suficiente
2023-01-03,2023,1,1,Martes,0,367,0,,,0,0,1,Vacaciones de Navidad,navidad,8.8,14.6,3.1,0.0,0,0,0,0,3,36,personal sin hacer nada
2023-01-04,2023,1,2,Miércoles,0,368,0,,,0,0,1,Vacaciones de Navidad,navidad,7.3,14.4,0.2,0.0,0,0,0,0,3,40,personal sin hacer nada
2023-01-05,2023,1,3,Jueves,0,369,0,,,1,0,1,Vacaciones de Navidad,navidad,6.2,13.6,-1.2,0.0,0,0,0,0,3,60,personal ocupado
2023-01-06,2023,1,4,Viernes,0,370,1,Epifanía del Señor,nacional,0,0,1,Vacaciones de Navidad,navidad,5.4,12.9,-2.1,0.0,0,0,0,0,7,89,personal sin hacer nada
2023-01-07,2023,1,5,Sábado,1,371,0,,,0,0,1,Vacaciones de Navidad,navidad,3.8,9.3,-1.6,0.8,0,0,0,0,8,94,personal suficiente
2023-01-08,2023,1,6,Domingo,1,372,0,,,0,0,0,ninguna,ninguna,12.0,14.8,9.3,3.2,0,0,0,0,8,94,personal suficiente
2023-01-11,2023,1,2,Miércoles,0,375,0,,,0,0,0,ninguna,ninguna,6.5,10.0,3.0,0.2,0,0,0,0,3,37,personal sin hacer nada
2023-01-12,2023,1,3,Jueves,0,376,0,,,0,0,0,ninguna,ninguna,6.3,12.0,0.6,0.0,0,0,0,0,3,67,personal ocupado
2023-01-13,2023,1,4,Viernes,0,377,0,,,0,0,0,ninguna,ninguna,6.3,11.2,1.4,0.0,0,0,0,0,5,88,personal ocupado
2023-01-14,2023,1,5,Sábado,1,378,0,,,0,0,0,ninguna,ninguna,5.9,11.0,0.8,0.2,0,0,0,0,8,129,personal ocupado
2023-01-15,2023,1,6,Domingo,1,379,0,,,0,0,0,ninguna,ninguna,8.2,13.1,3.2,0.0,0,0,0,0,8,92,personal sin hacer nada
2023-01-18,2023,1,2,Miércoles,0,382,0,,,0,0,0,ninguna,ninguna,4.2,8.9,-0.4,0.0,0,0,0,0,4,32,personal sin hacer nada
2023-01-19,2023,1,3,Jueves,0,383,0,,,0,0,0,ninguna,ninguna,4.2,9.3,-1.0,0.0,0,0,0,0,3,50,personal suficiente
2023-01-20,2023,1,4,Viernes,0,384,0,,,0,0,0,ninguna,ninguna,10.3,15.4,5.2,0.0,0,0,0,0,4,95,personal suficiente
2023-01-21,2023,1,5,Sábado,1,385,0,,,0,0,0,ninguna,ninguna,5.8,10.9,0.7,0.0,0,0,0,0,8,112,personal suficiente
2023-01-22,2023,1,6,Domingo,1,386,0,,,0,0,0,ninguna,ninguna,4.0,10.1,-2.2,0.0,0,0,0,0,7,114,personal ocupado
2023-01-25,2023,1,2,Miércoles,0,389,0,,,0,0,0,ninguna,ninguna,3.9,11.5,-3.7,0.0,0,0,0,0,3,43,personal sin hacer nada
2023-01-26,2023,1,3,Jueves,0,390,0,,,0,0,0,ninguna,ninguna,4.0,11.1,-3.2,0.0,0,0,0,0,6,50,personal sin hacer nada
2023-01-27,2023,1,4,Viernes,0,391,0,,,0,0,0,ninguna,ninguna,2.4,9.4,-4.6,0.0,0,0,0,0,4,66,personal ocupado
2023-01-28,2023,1,5,Sábado,1,392,0,,,0,0,0,ninguna,ninguna,3.0,11.2,-5.3,0.0,0,0,0,0,8,84,personal sin hacer nada
2023-01-29,2023,1,6,Domingo,1,393,0,,,0,0,0,ninguna,ninguna,1.8,8.7,-5.2,0.0,0,0,0,0,6,89,personal sin hacer nada
2023-02-01,2023,2,2,Miércoles,0,396,0,,,0,0,0,ninguna,ninguna,5.4,14.7,-3.9,0.0,0,0,0,0,4,36,personal suficiente
2023-02-02,2023,2,3,Jueves,0,397,0,,,0,0,0,ninguna,ninguna,6.7,16.0,-2.6,0.0,0,0,0,0,3,56,personal ocupado
2023-02-03,2023,2,4,Viernes,0,398,0,,,0,0,0,ninguna,ninguna,7.4,18.5,-3.6,0.0,0,0,0,0,4,89,personal suficiente
2023-02-04,2023,2,5,Sábado,1,399,0,,,0,0,0,ninguna,ninguna,7.8,19.3,-3.6,0.0,0,0,0,0,6,109,personal ocupado
2023-02-05,2023,2,6,Domingo,1,400,0,,,0,0,0,ninguna,ninguna,8.1,19.8,-3.6,0.0,0,0,0,0,7,88,personal suficiente
2023-02-08,2023,2,2,Miércoles,0,403,0,,,0,0,0,ninguna,ninguna,6.8,11.2,2.5,0.0,0,0,0,0,4,40,personal sin hacer nada
2023-02-09,2023,2,3,Jueves,0,404,0,,,0,0,0,ninguna,ninguna,7.3,12.5,2.1,0.0,0,0,0,0,5,69,personal suficiente
2023-02-10,2023,2,4,Viernes,0,405,0,,,0,0,0,ninguna,ninguna,5.9,11.7,0.1,0.0,0,0,0,0,5,98,personal ocupado
2023-02-11,2023,2,5,Sábado,1,406,0,,,0,0,0,ninguna,ninguna,5.1,12.9,-2.7,0.0,0,0,0,0,8,128,personal ocupado
2023-02-12,2023,2,6,Domingo,1,407,0,,,0,0,0,ninguna,ninguna,6.0,13.7,-1.8,0.0,0,0,0,0,7,59,personal suficiente
2023-02-15,2023,2,2,Miércoles,0,410,0,,,0,0,0,ninguna,ninguna,7.6,14.9,0.4,0.0,0,0,0,0,6,42,personal suficiente
2023-02-16,2023,2,3,Jueves,0,411,0,,,0,0,0,ninguna,ninguna,9.2,17.9,0.4,0.0,0,0,0,0,3,68,personal ocupado
2023-02-17,2023,2,4,Viernes,0,412,0,,,0,0,0,ninguna,ninguna,8.6,18.1,-0.8,0.0,0,0,0,0,3,70,personal suficiente
2023-02-18,2023,2,5,Sábado,1,413,0,,,0,0,0,ninguna,ninguna,9.5,17.1,1.9,0.0,0,0,0,0,8,105,personal suficiente
2023-02-19,2023,2,6,Domingo,1,414,0,,,0,0,0,ninguna,ninguna,12.3,20.7,3.9,0.0,0,0,0,0,6,83,personal sin hacer nada
2023-02-22,2023,2,2,Miércoles,0,417,0,,,0,0,0,ninguna,ninguna,10.4,17.9,3.0,0.0,0,0,1,1,5,37,personal sin hacer nada
2023-02-23,2023,2,3,Jueves,0,418,0,,,0,0,0,ninguna,ninguna,4.9,10.0,-0.2,0.0,0,0,1,1,6,42,personal sin hacer nada
2023-02-24,2023,2,4,Viernes,0,419,0,,,0,0,0,ninguna,ninguna,3.9,11.8,-4.0,0.0,0,0,0,0,3,68,personal ocupado
2023-02-25,2023,2,5,Sábado,1,420,0,,,0,0,0,ninguna,ninguna,3.8,11.3,-3.6,0.2,0,0,0,0,7,133,personal ocupado
2023-02-26,2023,2,6,Domingo,1,421,0,,,0,0,0,ninguna,ninguna,5.3,13.9,-3.3,0.0,0,0,0,0,6,73,personal sin hacer nada
2023-03-02,2023,3,3,Jueves,0,425,0,,,0,0,0,ninguna,ninguna,3.2,12.1,-5.6,0.0,0,0,0,0,6,44,personal suficiente
2023-03-03,2023,3,4,Viernes,0,426,0,,,0,0,0,ninguna,ninguna,4.6,13.9,-4.7,0.0,0,0,0,0,5,81,personal ocupado
2023-03-04,2023,3,5,Sábado,1,427,0,,,0,0,0,ninguna,ninguna,6.5,15.0,-2.0,0.0,0,0,0,0,6,97,personal ocupado
2023-03-05,2023,3,6,Domingo,1,428,0,,,0,0,0,ninguna,ninguna,5.1,12.4,-2.2,2.0,0,0,0,0,6,65,personal sin hacer nada
2023-03-08,2023,3,2,Miércoles,0,431,0,,,0,0,0,ninguna,ninguna,13.8,18.4,9.2,11.4,0,0,0,0,4,38,personal suficiente
2023-03-09,2023,3,3,Jueves,0,432,0,,,0,0,0,ninguna,ninguna,14.9,18.2,11.6,4.6,0,0,0,0,3,67,personal ocupado
2023-03-10,2023,3,4,Viernes,0,433,0,,,0,0,0,ninguna,ninguna,14.1,19.8,8.4,0.0,0,0,0,0,4,87,personal ocupado
2023-03-11,2023,3,5,Sábado,1,434,0,,,0,0,0,ninguna,ninguna,14.6,21.3,8.0,0.0,0,0,0,0,6,139,personal suficiente
2023-03-12,2023,3,6,Domingo,1,435,0,,,0,0,0,ninguna,ninguna,15.0,22.8,7.1,0.0,0,0,0,0,7,92,personal suficiente
2023-03-15,2023,3,2,Miércoles,0,438,0,,,0,0,0,ninguna,ninguna,13.1,22.6,3.6,0.0,0,0,0,0,5,51,personal suficiente
2023-03-16,2023,3,3,Jueves,0,439,0,,,0,0,0,ninguna,ninguna,14.9,25.1,4.7,0.0,0,0,0,0,5,65,personal suficiente
2023-03-17,2023,3,4,Viernes,0,440,0,,,0,0,0,ninguna,ninguna,13.6,17.8,9.4,0.0,0,0,0,0,4,111,personal ocupado
2023-03-18,2023,3,5,Sábado,1,441,0,,,0,0,0,ninguna,ninguna,12.2,18.4,6.1,0.0,0,0,0,0,8,152,personal ocupado
2023-03-19,2023,3,6,Domingo,1,442,0,,,0,0,0,ninguna,ninguna,11.2,20.0,2.5,0.0,0,0,0,0,7,97,personal suficiente
2023-03-22,2023,3,2,Miércoles,0,445,0,,,0,0,0,ninguna,ninguna,13.9,23.2,4.6,0.0,0,0,0,0,4,49,personal sin hacer nada
2023-03-23,2023,3,3,Jueves,0,446,0,,,0,0,0,ninguna,ninguna,13.8,23.4,4.2,0.0,0,0,0,0,6,75,personal sin hacer nada
2023-03-24,2023,3,4,Viernes,0,447,0,,,0,0,0,ninguna,ninguna,13.8,20.2,7.4,0.0,0,0,0,0,3,83,falta de personal
2023-03-25,2023,3,5,Sábado,1,448,0,,,0,0,0,ninguna,ninguna,14.4,21.9,6.8,0.0,0,0,0,0,7,139,personal ocupado
2023-03-26,2023,3,6,Domingo,1,449,0,,,0,0,0,ninguna,ninguna,15.2,22.4,7.9,0.0,0,0,0,0,7,97,personal sin hacer nada
2023-03-29,2023,3,2,Miércoles,0,452,0,,,0,0,0,ninguna,ninguna,16.8,27.4,6.3,0.0,0,0,0,0,4,57,personal sin hacer nada
2023-03-30,2023,3,3,Jueves,0,453,0,,,0,0,0,ninguna,ninguna,16.4,23.6,9.1,0.0,0,0,0,0,4,61,personal ocupado
2023-03-31,2023,3,4,Viernes,0,454,0,,,0,0,0,ninguna,ninguna,16.0,21.8,10.1,0.0,0,0,0,0,5,99,personal ocupado
2023-04-01,2023,4,5,Sábado,1,455,0,,,0,0,0,ninguna,ninguna,15.7,21.3,10.1,0.0,0,0,0,0,7,147,personal ocupado
2023-04-02,2023,4,6,Domingo,1,456,0,,,0,0,1,Vacaciones de Semana Santa,semana_santa,12.5,19.7,5.3,0.0,0,0,0,0,7,148,personal suficiente
2023-04-03,2023,4,0,Lunes,0,457,0,,,0,0,1,Vacaciones de Semana Santa,semana_santa,11.4,21.4,1.5,0.0,0,0,1,1,6,50,personal sin hacer nada
2023-04-04,2023,4,1,Martes,0,458,0,,,0,0,1,Vacaciones de Semana Santa,semana_santa,12.3,22.8,1.8,0.0,0,1,1,1,6,71,personal sin hacer nada
2023-04-05,2023,4,2,Miércoles,0,459,0,,,1,0,1,Vacaciones de Semana Santa,semana_santa,13.2,24.2,2.1,0.0,0,0,0,0,6,54,personal sin hacer nada
2023-04-06,2023,4,3,Jueves,0,460,1,Jueves Santo,nacional,1,0,1,Vacaciones de Semana Santa,semana_santa,15.3,25.4,5.2,0.0,0,0,0,0,6,125,personal suficiente
2023-04-07,2023,4,4,Viernes,0,461,1,Viernes Santo,nacional,0,0,1,Vacaciones de Semana Santa,semana_santa,15.2,26.0,4.4,0.0,0,0,1,1,6,125,personal ocupado
2023-04-08,2023,4,5,Sábado,1,462,0,,,0,0,1,Vacaciones de Semana Santa,semana_santa,16.1,27.25,4.9,0.0,0,1,0,1,6,223,falta de personal
2023-04-09,2023,4,6,Domingo,1,463,0,,,0,0,1,Vacaciones de Semana Santa,semana_santa,17.0,28.5,5.4,0.0,0,0,1,1,8,129,personal suficiente
2023-04-14,2023,4,4,Viernes,0,468,0,,,0,0,1,Vacaciones de Semana Santa,semana_santa,16.5,25.5,7.483333333333333,0.0,0,1,0,1,7,118,personal ocupado
2023-04-15,2023,4,5,Sábado,1,469,0,,,0,0,1,Vacaciones de Semana Santa,semana_santa,16.4,24.9,7.9,0.0,0,0,0,0,6,193,falta de personal
2023-04-16,2023,4,6,Domingo,1,470,0,,,0,0,1,Vacaciones de Semana Santa,semana_santa,16.6,25.8,7.5,0.0,0,0,0,0,7,130,personal ocupado
2023-04-19,2023,4,2,Miércoles,0,473,0,,,0,0,0,ninguna,ninguna,17.4,26.2,8.5,0.0,0,0,0,0,5,62,personal sin hacer nada
2023-04-20,2023,4,3,Jueves,0,474,0,,,0,0,0,ninguna,ninguna,18.3,28.4,8.2,0.0,0,0,0,0,4,79,personal ocupado
2023-04-21,2023,4,4,Viernes,0,475,0,,,0,0,0,ninguna,ninguna,17.6,26.9,8.2,4.2,0,0,0,0,3,116,falta de personal
2023-04-22,2023,4,5,Sábado,1,476,0,,,0,0,0,ninguna,ninguna,17.815384615384616,26.884615384615383,8.661538461538461,0.0,0,1,1,1,6,134,personal suficiente
2023-05-03,2023,5,2,Miércoles,0,487,0,,,0,0,0,ninguna,ninguna,20.184615384615384,26.71538461538461,13.738461538461538,0.0,0,1,0,1,3,51,personal ocupado
2023-05-04,2023,5,3,Jueves,0,488,0,,,0,0,0,ninguna,ninguna,20.4,26.7,14.2,0.0,0,0,0,0,5,84,personal suficiente
2023-05-05,2023,5,4,Viernes,0,489,0,,,0,0,0,ninguna,ninguna,19.0,28.3,9.6,0.0,0,0,0,0,5,116,personal ocupado
2023-05-06,2023,5,5,Sábado,1,490,0,,,0,0,0,ninguna,ninguna,19.2,29.4,9.0,0.0,0,0,0,0,6,137,personal ocupado
2023-05-07,2023,5,6,Domingo,1,491,0,,,0,0,0,ninguna,ninguna,20.9,30.0,11.8,0.0,0,0,0,0,7,125,personal suficiente
2023-05-10,2023,5,2,Miércoles,0,494,0,,,0,0,0,ninguna,ninguna,19.6,26.8,12.3,0.0,0,0,0,0,4,77,personal ocupado
2023-05-11,2023,5,3,Jueves,0,495,0,,,0,0,0,ninguna,ninguna,17.9,25.4,10.4,0.0,0,0,0,0,4,77,personal ocupado
2023-05-12,2023,5,4,Viernes,0,496,0,,,0,0,0,ninguna,ninguna,15.3,22.0,8.6,0.0,0,0,0,0,3,112,falta de personal
2023-05-13,2023,5,5,Sábado,1,497,0,,,0,0,0,ninguna,ninguna,14.4,23.0,5.9,0.0,0,0,0,0,8,176,personal ocupado
2023-05-14,2023,5,6,Domingo,1,498,0,,,0,0,0,ninguna,ninguna,14.2,22.1,6.4,0.0,0,0,0,0,7,145,personal ocupado
2023-05-17,2023,5,2,Miércoles,0,501,0,,,0,0,0,ninguna,ninguna,16.8,25.3,8.4,0.0,0,0,0,0,3,51,personal ocupado
2023-05-18,2023,5,3,Jueves,0,502,0,,,0,0,0,ninguna,ninguna,17.2,24.4,9.9,0.0,0,0,0,0,5,100,personal ocupado
2023-05-19,2023,5,4,Viernes,0,503,0,,,0,0,0,ninguna,ninguna,15.8,22.3,9.2,0.0,0,0,0,0,6,122,personal ocupado
2023-05-20,2023,5,5,Sábado,1,504,0,,,0,0,0,ninguna,ninguna,15.2,23.4,7.0,0.0,0,0,0,0,8,157,personal ocupado
2023-05-21,2023,5,6,Domingo,1,505,0,,,0,0,0,ninguna,ninguna,17.8,24.1,11.4,0.0,0,0,0,0,8,144,personal suficiente
2023-05-24,2023,5,2,Miércoles,0,508,0,,,0,0,0,ninguna,ninguna,18.6,24.0,13.3,0.0,0,0,0,0,6,59,personal sin hacer nada
2023-05-25,2023,5,3,Jueves,0,509,0,,,0,0,0,ninguna,ninguna,19.6,25.9,13.3,12.6,0,0,0,0,3,54,personal suficiente
2023-05-26,2023,5,4,Viernes,0,510,0,,,0,0,0,ninguna,ninguna,17.4,21.7,13.2,0.4,0,0,0,0,5,117,personal suficiente
2023-05-27,2023,5,5,Sábado,1,511,0,,,0,0,0,ninguna,ninguna,17.6,22.4,12.7,7.6,0,0,0,0,6,112,personal suficiente
2023-05-28,2023,5,6,Domingo,1,512,0,,,0,0,0,ninguna,ninguna,17.2,21.8,12.6,1.6,0,0,0,0,6,149,personal ocupado
2023-05-31,2023,5,2,Miércoles,0,515,0,,,0,0,0,ninguna,ninguna,18.6,25.5,11.6,0.0,0,0,0,0,5,64,personal sin hacer nada
2023-06-01,2023,6,3,Jueves,0,516,0,,,0,0,0,ninguna,ninguna,19.5,25.6,13.4,10.0,0,0,0,0,6,69,personal sin hacer nada
2023-06-02,2023,6,4,Viernes,0,517,0,,,0,0,0,ninguna,ninguna,19.2,24.9,13.6,0.0,0,0,0,0,5,113,personal ocupado
2023-06-03,2023,6,5,Sábado,1,518,0,,,0,0,0,ninguna,ninguna,19.9,27.2,12.6,0.2,0,0,0,0,6,178,falta de personal
2023-06-04,2023,6,6,Domingo,1,519,0,,,0,0,0,ninguna,ninguna,20.6,27.4,13.8,2.8,0,0,0,0,7,121,personal suficiente
2023-06-07,2023,6,2,Miércoles,0,522,0,,,0,0,0,ninguna,ninguna,19.3,21.5,17.1,5.0,0,0,0,0,6,62,personal suficiente
2023-06-08,2023,6,3,Jueves,0,523,0,,,0,0,0,ninguna,ninguna,19.2,22.0,16.5,2.4,0,0,0,0,6,83,personal suficiente
2023-06-09,2023,6,4,Viernes,0,524,0,,,0,0,0,ninguna,ninguna,20.2,25.8,14.7,0.0,0,0,0,0,6,155,personal ocupado
2023-06-10,2023,6,5,Sábado,1,525,0,,,0,0,0,ninguna,ninguna,22.7,28.8,16.6,0.0,0,0,0,0,8,233,personal ocupado
2023-06-11,2023,6,6,Domingo,1,526,0,,,0,0,0,ninguna,ninguna,22.8,29.0,16.5,0.0,0,0,0,0,7,132,personal ocupado
2023-06-14,2023,6,2,Miércoles,0,529,0,,,0,0,0,ninguna,ninguna,21.8,29.2,14.4,0.0,0,0,0,0,3,64,personal suficiente
2023-06-15,2023,6,3,Jueves,0,530,0,,,0,0,0,ninguna,ninguna,25.2,33.3,17.2,0.0,0,0,0,0,5,83,personal suficiente
2023-06-16,2023,6,4,Viernes,0,531,0,,,0,0,0,ninguna,ninguna,26.2,34.9,17.5,0.0,0,0,0,0,6,95,personal ocupado
2023-06-17,2023,6,5,Sábado,1,532,0,,,0,0,0,ninguna,ninguna,26.4,35.4,17.4,0.0,0,0,0,0,6,199,personal ocupado
2023-06-18,2023,6,6,Domingo,1,533,0,,,0,0,0,ninguna,ninguna,25.9,33.3,18.5,2.6,0,0,0,0,6,131,personal ocupado
2023-06-21,2023,6,2,Miércoles,0,536,0,,,0,0,0,ninguna,ninguna,22.8,29.1,16.4,6.0,0,0,0,0,5,52,personal sin hacer nada
2023-06-22,2023,6,3,Jueves,0,537,0,,,0,0,0,ninguna,ninguna,22.6,30.8,14.5,0.0,0,0,0,0,6,99,personal ocupado
2023-06-23,2023,6,4,Viernes,0,538,0,,,0,0,0,ninguna,ninguna,26.4,34.9,17.9,0.0,0,0,0,0,4,116,personal ocupado
2023-06-24,2023,6,5,Sábado,1,539,0,,,0,0,0,ninguna,ninguna,28.0,37.0,19.0,0.0,0,0,0,0,8,152,personal ocupado
2023-06-25,2023,6,6,Domingo,1,540,0,,,0,0,0,ninguna,ninguna,29.0,38.6,19.4,0.0,0,0,0,0,7,88,personal sin hacer nada
2023-06-28,2023,6,2,Miércoles,0,543,0,,,0,0,0,ninguna,ninguna,29.2,36.7,21.7,0.0,0,0,0,0,3,51,personal suficiente
2023-06-29,2023,6,3,Jueves,0,544,0,,,0,0,0,ninguna,ninguna,28.6,37.4,19.9,0.0,0,0,0,0,4,64,personal suficiente
2023-06-30,2023,6,4,Viernes,0,545,0,,,0,0,0,ninguna,ninguna,25.2,33.2,17.2,0.0,0,0,0,0,4,110,falta de personal
2023-07-01,2023,7,5,Sábado,1,546,0,,,0,0,0,ninguna,ninguna,26.4,35.7,17.0,0.0,0,0,0,0,8,196,falta de personal
2023-07-02,2023,7,6,Domingo,1,547,0,,,0,0,0,ninguna,ninguna,28.6,36.3,20.9,0.0,0,0,0,0,7,137,personal ocupado
2023-07-05,2023,7,2,Miércoles,0,550,0,,,0,0,0,ninguna,ninguna,25.3,35.2,15.4,0.0,0,0,0,0,3,56,personal ocupado
2023-07-06,2023,7,3,Jueves,0,551,0,,,0,0,0,ninguna,ninguna,28.0,35.6,20.4,0.0,0,0,0,0,6,89,personal sin hacer nada
2023-07-07,2023,7,4,Viernes,0,552,0,,,0,0,0,ninguna,ninguna,28.6,36.3,21.0,0.0,0,0,0,0,3,146,falta de personal
2023-07-08,2023,7,5,Sábado,1,553,0,,,0,0,0,ninguna,ninguna,26.4,35.1,17.7,0.0,0,0,0,0,6,165,falta de personal
2023-07-09,2023,7,6,Domingo,1,554,0,,,0,0,0,ninguna,ninguna,26.2,36.8,15.7,0.0,0,0,0,0,8,134,personal suficiente
2023-07-12,2023,7,2,Miércoles,0,557,0,,,0,0,0,ninguna,ninguna,26.4,35.7,17.0,0.0,0,0,0,0,5,59,personal suficiente
2023-07-13,2023,7,3,Jueves,0,558,0,,,0,0,0,ninguna,ninguna,27.6,37.2,18.0,0.0,0,0,0,0,5,68,personal sin hacer nada
2023-07-14,2023,7,4,Viernes,0,559,0,,,0,0,0,ninguna,ninguna,28.2,38.0,18.3,0.0,0,0,0,0,6,116,personal ocupado
2023-07-15,2023,7,5,Sábado,1,560,0,,,0,0,0,ninguna,ninguna,26.8,33.4,20.3,0.0,0,0,0,0,8,163,personal suficiente
2023-07-16,2023,7,6,Domingo,1,561,0,,,0,0,0,ninguna,ninguna,26.5,36.4,16.6,0.0,0,0,0,0,6,102,personal suficiente
2023-07-19,2023,7,2,Miércoles,0,564,0,,,0,0,0,ninguna,ninguna,31.0,39.1,22.9,0.0,0,0,0,0,3,59,personal suficiente
2023-07-20,2023,7,3,Jueves,0,565,0,,,0,0,0,ninguna,ninguna,28.0,36.8,19.1,0.0,0,0,0,0,3,83,falta de personal
2023-07-21,2023,7,4,Viernes,0,566,0,,,0,0,0,ninguna,ninguna,26.0,33.6,18.3,0.0,0,0,0,0,3,80,falta de personal
2023-07-22,2023,7,5,Sábado,1,567,0,,,0,0,0,ninguna,ninguna,26.4,35.9,16.8,0.0,0,0,0,0,7,205,falta de personal
2023-07-23,2023,7,6,Domingo,1,568,0,,,0,0,0,ninguna,ninguna,27.0,37.6,16.3,0.0,0,0,0,0,6,142,personal ocupado
2023-07-26,2023,7,2,Miércoles,0,571,0,,,0,0,0,ninguna,ninguna,26.6,36.2,17.0,0.0,0,0,0,0,6,69,personal sin hacer nada
2023-07-27,2023,7,3,Jueves,0,572,0,,,0,0,0,ninguna,ninguna,28.5,35.5,21.5,0.0,0,0,0,0,5,69,personal sin hacer nada
2023-07-28,2023,7,4,Viernes,0,573,0,,,0,0,0,ninguna,ninguna,26.1,35.8,16.4,0.0,0,0,0,0,3,116,falta de personal
2023-07-29,2023,7,5,Sábado,1,574,0,,,0,0,0,ninguna,ninguna,27.1,37.1,17.1,0.0,0,0,0,0,6,144,falta de personal
2023-07-30,2023,7,6,Domingo,1,575,0,,,0,0,0,ninguna,ninguna,28.4,38.3,18.4,0.0,0,0,0,0,8,105,personal sin hacer nada
2023-09-01,2023,9,4,Viernes,0,608,0,,,0,0,0,ninguna,ninguna,23.9,33.5,14.3,0.0,0,0,0,0,4,108,falta de personal
2023-09-02,2023,9,5,Sábado,1,609,0,,,0,0,0,ninguna,ninguna,18.9,21.5,16.3,38.8,0,0,0,0,6,51,personal sin hacer nada
2023-09-03,2023,9,6,Domingo,1,610,0,,,0,0,0,ninguna,ninguna,19.4,22.6,16.3,22.8,0,0,0,0,6,51,personal sin hacer nada
2023-09-06,2023,9,2,Miércoles,0,613,0,,,0,0,0,ninguna,ninguna,24.8,29.8,19.8,0.0,0,0,0,0,6,40,personal sin hacer nada
2023-09-07,2023,9,3,Jueves,0,614,0,,,1,0,0,ninguna,ninguna,25.4,30.6,20.1,0.0,0,0,0,0,5,69,personal sin hacer nada
2023-09-08,2023,9,4,Viernes,0,615,1,Virgen de la Soledad (fiesta local),local,1,0,0,ninguna,ninguna,25.8,31.5,20.0,0.6,0,0,0,0,5,100,personal ocupado
2023-09-09,2023,9,5,Sábado,1,616,1,Fiesta local de Arganda del Rey,local,0,0,0,ninguna,ninguna,24.2,28.5,20.0,4.2,0,0,0,0,7,129,personal ocupado
2023-09-10,2023,9,6,Domingo,1,617,0,,,0,0,0,ninguna,ninguna,24.3,30.7,17.9,12.2,0,0,0,0,7,90,personal suficiente
2023-09-13,2023,9,2,Miércoles,0,620,0,,,0,0,0,ninguna,ninguna,23.0,29.7,16.3,0.0,0,0,0,0,5,55,personal sin hacer nada
2023-09-14,2023,9,3,Jueves,0,621,0,,,0,0,0,ninguna,ninguna,23.6,29.3,17.8,13.2,0,0,0,0,6,62,personal sin hacer nada
2023-09-15,2023,9,4,Viernes,0,622,0,,,0,0,0,ninguna,ninguna,21.5,27.0,16.0,2.8,0,0,0,0,5,75,personal suficiente
2023-09-16,2023,9,5,Sábado,1,623,0,,,0,0,0,ninguna,ninguna,19.7,23.3,16.1,3.4,0,0,0,0,7,123,personal ocupado
2023-09-17,2023,9,6,Domingo,1,624,0,,,0,0,0,ninguna,ninguna,16.8,19.2,14.5,10.8,0,0,0,0,8,100,personal sin hacer nada
2023-09-20,2023,9,2,Miércoles,0,627,0,,,0,0,0,ninguna,ninguna,18.6,25.2,12.1,0.0,0,0,0,0,4,45,personal suficiente
2023-09-21,2023,9,3,Jueves,0,628,0,,,0,0,0,ninguna,ninguna,17.1,19.9,14.3,0.0,0,0,0,0,4,77,personal suficiente
2023-09-22,2023,9,4,Viernes,0,629,0,,,0,0,0,ninguna,ninguna,16.6,23.0,10.1,0.0,0,0,0,0,5,92,personal ocupado
2023-09-23,2023,9,5,Sábado,1,630,0,,,0,0,0,ninguna,ninguna,16.8,24.8,8.7,0.0,0,0,0,0,6,135,personal ocupado
2023-09-24,2023,9,6,Domingo,1,631,0,,,0,0,0,ninguna,ninguna,18.8,28.3,9.4,0.0,0,0,0,0,7,146,personal suficiente
2023-09-27,2023,9,2,Miércoles,0,634,0,,,0,0,0,ninguna,ninguna,21.0,29.9,12.1,0.0,0,0,0,0,4,49,personal sin hacer nada
2023-09-28,2023,9,3,Jueves,0,635,0,,,0,0,0,ninguna,ninguna,21.5,30.3,12.7,0.0,0,0,0,0,4,65,personal suficiente
2023-09-29,2023,9,4,Viernes,0,636,0,,,0,0,0,ninguna,ninguna,23.6,33.2,13.9,0.0,0,0,0,0,5,102,personal ocupado
2023-09-30,2023,9,5,Sábado,1,637,0,,,0,0,0,ninguna,ninguna,23.9,33.4,14.4,0.0,0,0,0,0,7,129,personal ocupado
2023-10-01,2023,10,6,Domingo,1,638,0,,,0,0,0,ninguna,ninguna,24.0,34.7,13.4,0.0,0,0,0,0,6,111,personal suficiente
2023-10-04,2023,10,2,Miércoles,0,641,0,,,0,0,0,ninguna,ninguna,22.0,30.6,13.5,0.0,0,0,0,0,4,48,personal sin hacer nada
2023-10-05,2023,10,3,Jueves,0,642,0,,,0,0,0,ninguna,ninguna,23.7,33.2,14.2,0.0,0,0,0,0,6,73,personal sin hacer nada
2023-10-06,2023,10,4,Viernes,0,643,0,,,0,0,0,ninguna,ninguna,23.4,33.9,12.9,0.0,0,0,0,0,6,90,personal ocupado
2023-10-07,2023,10,5,Sábado,1,644,0,,,0,0,0,ninguna,ninguna,23.2,33.3,13.2,0.0,0,0,0,0,8,131,personal ocupado
2023-10-08,2023,10,6,Domingo,1,645,0,,,0,0,0,ninguna,ninguna,22.4,32.2,12.6,0.0,0,0,0,0,7,132,personal ocupado
2023-10-11,2023,10,2,Miércoles,0,648,0,,,1,0,0,ninguna,ninguna,20.2,29.6,10.9,0.0,0,0,0,0,6,58,personal sin hacer nada
2023-10-12,2023,10,3,Jueves,0,649,1,Fiesta Nacional de España,nacional,0,0,0,ninguna,ninguna,19.8,30.2,9.4,0.0,0,0,0,0,7,104,personal sin hacer nada
2023-10-13,2023,10,4,Viernes,0,650,0,,,0,1,0,ninguna,ninguna,19.9,28.5,11.3,4.2,0,0,0,0,5,99,personal ocupado
2023-10-14,2023,10,5,Sábado,1,651,0,,,0,0,0,ninguna,ninguna,19.2,23.8,14.6,0.0,0,0,0,0,6,174,falta de personal
2023-10-15,2023,10,6,Domingo,1,652,0,,,0,0,0,ninguna,ninguna,17.4,23.0,11.8,2.4,0,0,0,0,7,159,personal ocupado
2023-10-18,2023,10,2,Miércoles,0,655,0,,,0,0,0,ninguna,ninguna,19.4,23.0,15.8,3.2,0,0,0,0,6,42,personal sin hacer nada
2023-10-19,2023,10,3,Jueves,0,656,0,,,0,0,0,ninguna,ninguna,14.6,18.3,11.0,78.6,0,0,0,0,6,39,personal sin hacer nada
2023-10-20,2023,10,4,Viernes,0,657,0,,,0,0,0,ninguna,ninguna,14.0,17.5,10.4,0.0,0,0,0,0,6,108,personal ocupado
2023-10-21,2023,10,5,Sábado,1,658,0,,,0,0,0,ninguna,ninguna,11.8,16.9,6.6,0.0,0,0,0,0,7,182,falta de personal
2023-10-22,2023,10,6,Domingo,1,659,0,,,0,0,0,ninguna,ninguna,13.4,17.4,9.4,36.6,0,0,0,0,6,47,personal sin hacer nada
2023-10-25,2023,10,2,Miércoles,0,662,0,,,0,0,0,ninguna,ninguna,15.3,18.5,12.1,0.0,0,0,0,0,3,51,personal suficiente
2023-10-26,2023,10,3,Jueves,0,663,0,,,0,0,0,ninguna,ninguna,15.5,19.5,11.5,5.2,0,0,0,0,4,67,personal suficiente
2023-10-27,2023,10,4,Viernes,0,664,0,,,0,0,0,ninguna,ninguna,13.2,16.6,9.7,0.0,0,0,0,0,5,73,personal suficiente
2023-10-28,2023,10,5,Sábado,1,665,0,,,0,0,0,ninguna,ninguna,14.6,18.0,11.2,0.0,0,0,0,0,6,155,personal ocupado
2023-10-29,2023,10,6,Domingo,1,666,0,,,0,0,0,ninguna,ninguna,15.7,18.4,13.0,2.8,0,0,0,0,8,108,personal sin hacer nada
2023-11-01,2023,11,2,Miércoles,0,669,1,Todos los Santos,nacional,0,0,0,ninguna,ninguna,11.6,16.2,7.0,1.2,0,0,0,0,5,41,personal sin hacer nada
2023-11-02,2023,11,3,Jueves,0,670,0,,,0,0,0,ninguna,ninguna,12.2,16.7,7.6,17.2,0,0,0,0,3,38,personal sin hacer nada
2023-11-03,2023,11,4,Viernes,0,671,0,,,0,0,0,ninguna,ninguna,10.8,14.0,7.5,0.6,0,0,0,0,5,112,personal suficiente
2023-11-04,2023,11,5,Sábado,1,672,0,,,0,0,0,ninguna,ninguna,12.9,15.6,10.2,1.2,0,0,0,0,6,132,personal ocupado
2023-11-05,2023,11,6,Domingo,1,673,0,,,0,0,0,ninguna,ninguna,11.9,15.1,8.7,0.0,0,0,0,0,8,133,personal suficiente
2023-11-08,2023,11,2,Miércoles,0,676,0,,,0,0,0,ninguna,ninguna,8.8,13.8,3.8,0.2,0,0,0,0,3,36,personal sin hacer nada
2023-11-09,2023,11,3,Jueves,0,677,0,,,0,0,0,ninguna,ninguna,13.1,16.9,9.3,0.0,0,0,0,0,5,69,personal suficiente
2023-11-10,2023,11,4,Viernes,0,678,0,,,0,0,0,ninguna,ninguna,11.6,16.2,7.1,1.4,0,0,0,0,6,94,personal suficiente
2023-11-11,2023,11,5,Sábado,1,679,0,,,0,0,0,ninguna,ninguna,15.3,18.0,12.6,0.0,0,0,0,0,8,175,personal ocupado
2023-11-12,2023,11,6,Domingo,1,680,0,,,0,0,0,ninguna,ninguna,16.2,20.0,12.5,0.0,0,0,0,0,7,144,personal suficiente
2023-11-15,2023,11,2,Miércoles,0,683,0,,,0,0,0,ninguna,ninguna,11.4,15.6,7.1,0.0,0,0,0,0,4,46,personal suficiente
2023-11-16,2023,11,3,Jueves,0,684,0,,,0,0,0,ninguna,ninguna,12.0,14.2,9.8,0.2,0,0,0,0,4,67,personal ocupado
2023-11-17,2023,11,4,Viernes,0,685,0,,,0,0,0,ninguna,ninguna,12.8,17.7,8.0,0.2,0,0,0,0,6,89,personal sin hacer nada
2023-11-18,2023,11,5,Sábado,1,686,0,,,0,0,0,ninguna,ninguna,13.8,21.0,6.6,0.0,0,0,0,0,8,142,personal suficiente
2023-11-19,2023,11,6,Domingo,1,687,0,,,0,0,0,ninguna,ninguna,12.2,20.2,4.1,0.0,0,0,0,0,7,130,personal ocupado
2023-11-22,2023,11,2,Miércoles,0,690,0,,,0,0,0,ninguna,ninguna,9.0,15.0,2.9,0.0,0,0,0,0,5,47,personal sin hacer nada
2023-11-23,2023,11,3,Jueves,0,691,0,,,0,0,0,ninguna,ninguna,8.5,17.0,0.0,0.0,0,0,0,0,5,67,personal sin hacer nada
2023-11-24,2023,11,4,Viernes,0,692,0,,,0,0,0,ninguna,ninguna,8.2,17.2,-0.9,0.0,0,0,0,0,3,64,personal suficiente
2023-11-25,2023,11,5,Sábado,1,693,0,,,0,0,0,ninguna,ninguna,8.3,17.8,-1.2,0.0,0,0,0,0,8,144,personal suficiente
2023-11-26,2023,11,6,Domingo,1,694,0,,,0,0,0,ninguna,ninguna,8.3,15.7,0.9,0.0,0,0,0,0,6,104,personal ocupado
2023-11-29,2023,11,2,Miércoles,0,697,0,,,0,0,0,ninguna,ninguna,13.2,15.5,11.0,0.0,0,0,0,0,3,47,personal ocupado
2023-11-30,2023,11,3,Jueves,0,698,0,,,0,0,0,ninguna,ninguna,14.0,16.8,11.1,42.8,0,0,0,0,4,31,personal suficiente
2023-12-01,2023,12,4,Viernes,0,699,0,,,0,0,0,ninguna,ninguna,10.5,14.5,6.5,0.0,0,0,0,0,5,130,falta de personal
2023-12-02,2023,12,5,Sábado,1,700,0,,,0,0,0,ninguna,ninguna,7.5,13.0,2.0,0.0,0,0,0,0,7,196,personal ocupado
2023-12-03,2023,12,6,Domingo,1,701,0,,,0,0,0,ninguna,ninguna,4.2,8.9,-0.6,1.6,0,0,0,0,6,108,personal ocupado
2023-12-06,2023,12,2,Miércoles,0,704,1,Día de la Constitución,nacional,0,0,0,ninguna,ninguna,5.9,10.0,1.8,0.0,0,0,0,0,6,57,personal sin hacer nada
2023-12-07,2023,12,3,Jueves,0,705,0,,,1,0,0,ninguna,ninguna,5.6,9.3,1.8,14.4,0,0,0,0,5,49,personal sin hacer nada
2023-12-08,2023,12,4,Viernes,0,706,1,Inmaculada Concepción,nacional,0,0,0,ninguna,ninguna,8.5,13.3,3.7,0.2,0,0,0,0,5,105,personal ocupado
2023-12-09,2023,12,5,Sábado,1,707,0,,,0,0,0,ninguna,ninguna,8.8,14.1,3.5,0.0,0,0,0,0,6,141,personal ocupado
2023-12-10,2023,12,6,Domingo,1,708,0,,,0,0,0,ninguna,ninguna,12.2,13.5,11.0,0.0,0,0,0,0,8,145,personal suficiente
2023-12-13,2023,12,2,Miércoles,0,711,0,,,0,0,0,ninguna,ninguna,8.2,13.0,3.4,0.0,0,0,0,0,3,55,personal ocupado
2023-12-14,2023,12,3,Jueves,0,712,0,,,0,0,0,ninguna,ninguna,6.6,13.1,0.0,0.0,0,0,0,0,4,78,personal ocupado
2023-12-15,2023,12,4,Viernes,0,713,0,,,0,0,0,ninguna,ninguna,7.6,14.7,0.4,0.0,0,0,0,0,6,108,personal ocupado
2023-12-16,2023,12,5,Sábado,1,714,0,,,0,0,0,ninguna,ninguna,6.6,13.5,-0.3,0.0,0,0,0,0,6,141,personal suficiente
2023-12-17,2023,12,6,Domingo,1,715,0,,,0,0,0,ninguna,ninguna,6.6,14.5,-1.4,0.0,0,0,0,0,7,117,personal ocupado
2023-12-20,2023,12,2,Miércoles,0,718,0,,,0,0,0,ninguna,ninguna,5.8,12.7,-1.1,0.2,0,0,0,0,5,57,personal sin hacer nada
2023-12-21,2023,12,3,Jueves,0,719,0,,,0,0,0,ninguna,ninguna,6.7,14.2,-0.8,0.0,0,0,0,0,4,55,personal sin hacer nada
2023-12-22,2023,12,4,Viernes,0,720,0,,,0,0,0,ninguna,ninguna,7.4,16.2,-1.3,0.0,0,0,0,0,4,121,personal ocupado
2023-12-23,2023,12,5,Sábado,1,721,0,,,0,0,0,ninguna,ninguna,6.8,15.2,-1.7,0.0,0,0,0,0,8,116,personal sin hacer nada
2023-12-24,2023,12,6,Domingo,1,722,0,,,1,0,0,ninguna,ninguna,5.6,13.0,-1.8,0.2,0,0,0,0,8,121,personal ocupado
2023-12-27,2023,12,2,Miércoles,0,725,0,,,0,0,0,ninguna,ninguna,4.2,11.5,-3.0,0.2,0,0,0,0,5,50,personal sin hacer nada
2023-12-28,2023,12,3,Jueves,0,726,0,,,0,0,0,ninguna,ninguna,2.2,7.1,-2.8,0.0,0,0,0,0,6,73,personal sin hacer nada
2023-12-29,2023,12,4,Viernes,0,727,0,,,0,0,0,ninguna,ninguna,4.6,8.3,1.0,0.0,0,0,0,0,3,131,falta de personal
2023-12-30,2023,12,5,Sábado,1,728,0,,,0,0,0,ninguna,ninguna,5.8,13.4,-1.9,0.0,0,0,0,0,6,146,falta de personal
2023-12-31,2023,12,6,Domingo,1,729,0,,,1,0,0,ninguna,ninguna,6.4,10.6,2.3,0.0,0,0,0,0,8,118,personal sin hacer nada
2024-01-01,2024,1,0,Lunes,0,730,1,Año Nuevo,nacional,0,0,1,Vacaciones de Navidad,navidad,6.2,11.1,1.4,0.0,0,0,0,0,7,61,personal suficiente
2024-01-02,2024,1,1,Martes,0,731,0,,,0,0,1,Vacaciones de Navidad,navidad,4.0,7.8,0.2,1.4,0,0,0,0,3,37,personal sin hacer nada
2024-01-03,2024,1,2,Miércoles,0,732,0,,,0,0,1,Vacaciones de Navidad,navidad,9.8,13.2,6.5,1.4,0,0,0,0,3,53,personal ocupado
2024-01-04,2024,1,3,Jueves,0,733,0,,,0,0,1,Vacaciones de Navidad,navidad,9.6,12.0,7.3,6.2,0,0,0,0,5,75,personal ocupado
2024-01-05,2024,1,4,Viernes,0,734,0,,,1,0,1,Vacaciones de Navidad,navidad,7.8,10.7,5.0,0.4,0,0,0,0,5,80,personal ocupado
2024-01-06,2024,1,5,Sábado,1,735,1,Epifanía del Señor,nacional,0,0,1,Vacaciones de Navidad,navidad,5.2,11.1,-0.8,0.0,0,0,0,0,7,129,personal ocupado
2024-01-07,2024,1,6,Domingo,1,736,0,,,0,0,1,Vacaciones de Navidad,navidad,4.8,10.9,-1.4,0.0,0,0,0,0,7,75,personal sin hacer nada
2024-01-10,2024,1,2,Miércoles,0,739,0,,,0,0,0,ninguna,ninguna,6.0,8.1,4.0,1.0,0,0,0,0,4,48,personal sin hacer nada
2024-01-11,2024,1,3,Jueves,0,740,0,,,0,0,0,ninguna,ninguna,4.1,9.5,-1.3,0.0,0,0,0,0,4,52,personal sin hacer nada
2024-01-12,2024,1,4,Viernes,0,741,0,,,0,0,0,ninguna,ninguna,3.3,9.3,-2.7,0.0,0,0,0,0,6,61,personal sin hacer nada
2024-01-13,2024,1,5,Sábado,1,742,0,,,0,0,0,ninguna,ninguna,4.8,9.6,-0.1,0.0,0,0,0,0,7,87,personal sin hacer nada
2024-01-14,2024,1,6,Domingo,1,743,0,,,0,0,0,ninguna,ninguna,6.8,9.4,4.2,2.8,0,0,0,0,7,74,personal sin hacer nada
2024-01-17,2024,1,2,Miércoles,0,746,0,,,0,0,0,ninguna,ninguna,11.9,13.1,10.7,1.4,0,0,0,0,3,46,personal ocupado
2024-01-18,2024,1,3,Jueves,0,747,0,,,0,0,0,ninguna,ninguna,12.2,14.0,10.3,11.4,0,0,0,0,6,53,personal suficiente
2024-01-19,2024,1,4,Viernes,0,748,0,,,0,0,0,ninguna,ninguna,7.1,10.6,3.6,16.0,0,0,0,0,5,52,personal sin hacer nada
2024-01-20,2024,1,5,Sábado,1,749,0,,,0,0,0,ninguna,ninguna,6.0,10.4,1.5,0.0,0,0,0,0,7,95,personal sin hacer nada
2024-01-21,2024,1,6,Domingo,1,750,0,,,0,0,0,ninguna,ninguna,7.8,13.1,2.5,0.0,0,0,0,0,6,99,personal suficiente
2024-01-24,2024,1,2,Miércoles,0,753,0,,,0,0,0,ninguna,ninguna,11.5,20.9,2.1,0.0,0,0,0,0,5,40,personal suficiente
2024-01-25,2024,1,3,Jueves,0,754,0,,,0,0,0,ninguna,ninguna,10.8,19.7,2.0,0.0,0,0,0,0,3,60,personal ocupado
2024-01-26,2024,1,4,Viernes,0,755,0,,,0,0,0,ninguna,ninguna,11.2,19.9,2.4,0.0,0,0,0,0,6,97,personal ocupado
2024-01-27,2024,1,5,Sábado,1,756,0,,,0,0,0,ninguna,ninguna,12.1,19.8,4.4,0.0,0,0,0,0,8,192,falta de personal
2024-01-28,2024,1,6,Domingo,1,757,0,,,0,0,0,ninguna,ninguna,11.6,19.9,3.2,0.0,0,0,0,0,8,126,personal ocupado
2024-01-31,2024,1,2,Miércoles,0,760,0,,,0,0,0,ninguna,ninguna,6.5,10.7,2.3,0.0,0,0,0,0,4,38,personal suficiente
2024-02-01,2024,2,3,Jueves,0,761,0,,,0,0,0,ninguna,ninguna,10.0,20.0,0.1,0.0,0,0,0,0,3,67,personal ocupado
2024-02-02,2024,2,4,Viernes,0,762,0,,,0,0,0,ninguna,ninguna,9.2,17.2,1.1,0.0,0,0,0,0,3,90,falta de personal
2024-02-03,2024,2,5,Sábado,1,763,0,,,0,0,0,ninguna,ninguna,10.5,19.5,1.5,0.0,0,0,0,0,8,138,personal ocupado
2024-02-04,2024,2,6,Domingo,1,764,0,,,0,0,0,ninguna,ninguna,9.6,19.2,0.1,0.0,0,0,0,0,8,102,personal sin hacer nada
2024-02-07,2024,2,2,Miércoles,0,767,0,,,0,0,0,ninguna,ninguna,7.4,12.4,2.5,0.0,0,0,0,0,3,41,personal suficiente
2024-02-08,2024,2,3,Jueves,0,768,0,,,0,0,0,ninguna,ninguna,10.0,13.1,6.8,7.4,0,0,0,0,3,57,personal ocupado
2024-02-09,2024,2,4,Viernes,0,769,0,,,0,0,0,ninguna,ninguna,10.8,13.0,8.7,7.4,0,0,0,0,5,99,personal ocupado
2024-02-10,2024,2,5,Sábado,1,770,0,,,0,0,0,ninguna,ninguna,8.4,11.5,5.4,0.0,0,0,0,0,6,127,personal ocupado
2024-02-11,2024,2,6,Domingo,1,771,0,,,0,0,0,ninguna,ninguna,6.2,9.4,3.0,0.0,0,0,0,0,7,79,personal sin hacer nada
2024-02-14,2024,2,2,Miércoles,0,774,0,,,0,0,0,ninguna,ninguna,13.2,19.5,7.0,0.0,0,0,0,0,3,57,personal ocupado
2024-02-15,2024,2,3,Jueves,0,775,0,,,0,0,0,ninguna,ninguna,11.2,14.6,7.7,3.8,0,0,0,0,6,69,personal suficiente
2024-02-16,2024,2,4,Viernes,0,776,0,,,0,0,0,ninguna,ninguna,11.4,17.7,5.0,0.0,0,0,0,0,4,106,falta de personal
2024-02-17,2024,2,5,Sábado,1,777,0,,,0,0,0,ninguna,ninguna,9.8,18.9,0.7,0.0,0,0,0,0,7,91,personal sin hacer nada
2024-02-18,2024,2,6,Domingo,1,778,0,,,0,0,0,ninguna,ninguna,10.2,19.3,1.0,0.0,0,0,0,0,8,111,personal suficiente
2024-02-21,2024,2,2,Miércoles,0,781,0,,,0,0,0,ninguna,ninguna,9.0,16.5,1.6,0.0,0,0,0,0,3,37,personal sin hacer nada
2024-02-22,2024,2,3,Jueves,0,782,0,,,0,0,0,ninguna,ninguna,10.6,13.9,7.2,3.0,0,0,0,0,4,60,personal ocupado
2024-02-23,2024,2,4,Viernes,0,783,0,,,0,0,0,ninguna,ninguna,6.8,10.9,2.7,1.2,0,0,0,0,6,75,personal suficiente
2024-02-24,2024,2,5,Sábado,1,784,0,,,0,0,0,ninguna,ninguna,6.6,10.9,2.4,0.0,0,0,0,0,6,144,falta de personal
2024-02-25,2024,2,6,Domingo,1,785,0,,,0,0,0,ninguna,ninguna,10.2,14.2,6.3,0.4,0,0,0,0,7,96,personal sin hacer nada
2024-02-28,2024,2,2,Miércoles,0,788,0,,,0,0,0,ninguna,ninguna,8.6,15.3,1.9,0.0,0,0,0,0,3,45,personal ocupado
2024-02-29,2024,2,3,Jueves,0,789,0,,,0,0,0,ninguna,ninguna,7.7,16.1,-0.7,0.0,0,0,0,0,6,37,personal suficiente
2024-03-01,2024,3,4,Viernes,0,790,0,,,0,0,0,ninguna,ninguna,6.8,13.8,-0.1,0.0,0,0,0,0,4,96,falta de personal
2024-03-02,2024,3,5,Sábado,1,791,0,,,0,0,0,ninguna,ninguna,6.0,9.7,2.2,8.6,0,0,0,0,6,100,personal ocupado
2024-03-03,2024,3,6,Domingo,1,792,0,,,0,0,0,ninguna,ninguna,6.5,11.1,1.9,0.0,0,0,0,0,8,96,personal sin hacer nada
2024-03-06,2024,3,2,Miércoles,0,795,0,,,0,0,0,ninguna,ninguna,8.2,16.0,0.4,0.0,0,0,0,0,5,46,personal sin hacer nada
2024-03-07,2024,3,3,Jueves,0,796,0,,,0,0,0,ninguna,ninguna,7.3,13.5,1.1,6.8,0,0,0,0,4,45,personal sin hacer nada
2024-03-08,2024,3,4,Viernes,0,797,0,,,0,0,0,ninguna,ninguna,8.0,11.3,4.8,14.6,0,0,0,0,5,72,personal sin hacer nada
2024-03-09,2024,3,5,Sábado,1,798,0,,,0,0,0,ninguna,ninguna,6.3,8.8,3.8,5.2,0,0,0,0,8,138,personal ocupado
2024-03-10,2024,3,6,Domingo,1,799,0,,,0,0,0,ninguna,ninguna,9.1,12.8,5.4,0.6,0,0,0,0,6,144,personal ocupado
2024-03-13,2024,3,2,Miércoles,0,802,0,,,0,0,0,ninguna,ninguna,11.8,20.7,2.8,0.0,0,0,0,0,5,47,personal sin hacer nada
2024-03-14,2024,3,3,Jueves,0,803,0,,,0,0,0,ninguna,ninguna,10.4,17.4,3.3,0.0,0,0,0,0,4,53,personal sin hacer nada
2024-03-15,2024,3,4,Viernes,0,804,0,,,0,0,0,ninguna,ninguna,11.5,19.2,3.8,0.0,0,0,0,0,4,93,personal ocupado
2024-03-16,2024,3,5,Sábado,1,805,0,,,0,0,0,ninguna,ninguna,13.0,20.2,5.8,0.0,0,0,0,0,8,155,personal suficiente
2024-03-17,2024,3,6,Domingo,1,806,0,,,0,0,0,ninguna,ninguna,14.8,22.5,7.2,0.0,0,0,0,0,8,109,personal sin hacer nada
2024-03-20,2024,3,2,Miércoles,0,809,0,,,0,0,0,ninguna,ninguna,15.8,22.8,8.8,0.0,0,0,0,0,6,50,personal sin hacer nada
2024-03-21,2024,3,3,Jueves,0,810,0,,,0,0,0,ninguna,ninguna,18.4,25.5,11.3,0.0,0,0,0,0,5,90,personal suficiente
2024-03-22,2024,3,4,Viernes,0,811,0,,,0,0,0,ninguna,ninguna,18.3,27.0,9.6,0.0,0,0,0,0,3,80,falta de personal
2024-03-23,2024,3,5,Sábado,1,812,0,,,0,0,0,ninguna,ninguna,17.4,26.1,8.8,0.0,0,0,0,0,7,148,personal ocupado
2024-03-24,2024,3,6,Domingo,1,813,0,,,0,0,1,Vacaciones de Semana Santa,semana_santa,16.2,24.1,8.2,1.4,0,0,0,0,7,142,personal ocupado
2024-03-25,2024,3,0,Lunes,0,814,0,,,0,0,1,Vacaciones de Semana Santa,semana_santa,11.8,14.5,9.2,2.4,0,0,0,0,6,38,personal suficiente
2024-03-26,2024,3,1,Martes,0,815,0,,,0,0,1,Vacaciones de Semana Santa,semana_santa,7.0,10.3,3.8,4.0,0,0,0,0,7,53,personal sin hacer nada
2024-03-27,2024,3,2,Miércoles,0,816,0,,,1,0,1,Vacaciones de Semana Santa,semana_santa,9.7,13.8,5.6,2.4,0,0,0,0,6,46,personal sin hacer nada
2024-03-28,2024,3,3,Jueves,0,817,1,Jueves Santo,nacional,1,0,1,Vacaciones de Semana Santa,semana_santa,12.3,16.9,7.7,15.2,0,0,0,0,7,62,personal sin hacer nada
2024-03-29,2024,3,4,Viernes,0,818,1,Viernes Santo,nacional,0,0,1,Vacaciones de Semana Santa,semana_santa,8.0,12.1,3.9,7.8,0,0,0,0,6,101,personal ocupado
2024-03-30,2024,3,5,Sábado,1,819,0,,,0,0,1,Vacaciones de Semana Santa,semana_santa,8.1,12.3,3.9,12.8,0,0,0,0,7,154,personal suficiente
2024-03-31,2024,3,6,Domingo,1,820,0,,,0,0,1,Vacaciones de Semana Santa,semana_santa,7.6,10.7,4.5,5.2,0,0,0,0,7,113,personal ocupado
2024-04-01,2024,4,0,Lunes,0,821,0,,,0,0,1,Vacaciones de Semana Santa,semana_santa,8.0,13.3,2.6,0.4,0,0,0,0,7,57,personal sin hacer nada
2024-04-02,2024,4,1,Martes,0,822,0,,,0,0,1,Vacaciones de Semana Santa,semana_santa,9.0,15.2,2.7,0.0,0,0,0,0,6,58,personal sin hacer nada
2024-04-03,2024,4,2,Miércoles,0,823,0,,,0,0,1,Vacaciones de Semana Santa,semana_santa,12.8,18.0,7.6,0.0,0,0,0,0,6,51,personal suficiente
2024-04-04,2024,4,3,Jueves,0,824,0,,,0,0,1,Vacaciones de Semana Santa,semana_santa,13.2,21.4,5.1,0.0,0,0,0,0,6,115,personal ocupado
2024-04-05,2024,4,4,Viernes,0,825,0,,,0,0,1,Vacaciones de Semana Santa,semana_santa,15.1,24.1,6.1,0.0,0,0,0,0,7,112,personal suficiente
2024-04-06,2024,4,5,Sábado,1,826,0,,,0,0,1,Vacaciones de Semana Santa,semana_santa,19.5,25.0,14.0,0.0,0,0,0,0,8,212,personal ocupado
2024-04-07,2024,4,6,Domingo,1,827,0,,,0,0,1,Vacaciones de Semana Santa,semana_santa,17.8,23.2,12.4,0.0,0,0,0,0,7,180,falta de personal
2024-04-10,2024,4,2,Miércoles,0,830,0,,,0,0,0,ninguna,ninguna,12.6,21.9,3.4,0.0,0,0,0,0,5,55,personal sin hacer nada
2024-04-11,2024,4,3,Jueves,0,831,0,,,0,0,0,ninguna,ninguna,16.8,27.4,6.3,0.0,0,0,0,0,5,78,personal ocupado
2024-04-12,2024,4,4,Viernes,0,832,0,,,0,0,0,ninguna,ninguna,16.9,26.2,7.6,0.0,0,0,0,0,6,109,personal ocupado
2024-04-13,2024,4,5,Sábado,1,833,0,,,0,0,0,ninguna,ninguna,17.9,28.9,6.9,0.0,0,0,0,0,7,156,personal ocupado
2024-04-14,2024,4,6,Domingo,1,834,0,,,0,0,0,ninguna,ninguna,18.4,28.6,8.1,0.0,0,0,0,0,8,98,personal sin hacer nada
2024-04-17,2024,4,2,Miércoles,0,837,0,,,0,0,0,ninguna,ninguna,16.0,24.1,7.8,0.0,0,0,0,0,6,46,personal sin hacer nada
2024-04-18,2024,4,3,Jueves,0,838,0,,,0,0,0,ninguna,ninguna,14.8,23.7,5.8,0.0,0,0,0,0,6,70,personal sin hacer nada
2024-04-19,2024,4,4,Viernes,0,839,0,,,0,0,0,ninguna,ninguna,15.0,24.7,5.4,0.0,0,0,0,0,5,87,personal suficiente
2024-04-20,2024,4,5,Sábado,1,840,0,,,0,0,0,ninguna,ninguna,17.4,26.9,7.9,0.0,0,0,0,0,8,175,personal ocupado
2024-04-21,2024,4,6,Domingo,1,841,0,,,0,0,0,ninguna,ninguna,16.2,25.8,6.5,0.0,0,0,0,0,7,161,personal suficiente
2024-04-24,2024,4,2,Miércoles,0,844,0,,,0,0,0,ninguna,ninguna,11.0,19.8,2.2,0.0,0,0,0,0,3,47,personal suficiente
2024-04-25,2024,4,3,Jueves,0,845,0,,,0,0,0,ninguna,ninguna,12.0,19.9,4.2,0.0,0,0,0,0,4,76,personal ocupado
2024-04-26,2024,4,4,Viernes,0,846,0,,,0,0,0,ninguna,ninguna,11.9,17.8,6.0,2.2,0,0,0,0,5,130,falta de personal
2024-04-27,2024,4,5,Sábado,1,847,0,,,0,0,0,ninguna,ninguna,11.1,15.8,6.4,0.6,0,0,0,0,8,132,personal ocupado
2024-04-28,2024,4,6,Domingo,1,848,0,,,0,0,0,ninguna,ninguna,10.4,18.9,2.0,0.0,0,0,0,0,7,125,personal ocupado
2024-05-01,2024,5,2,Miércoles,0,851,1,Día del Trabajo,nacional,1,0,0,ninguna,ninguna,11.4,16.6,6.1,0.0,0,0,0,0,7,59,personal sin hacer nada
2024-05-02,2024,5,3,Jueves,0,852,1,Día de la Comunidad de Madrid,autonomico,0,0,0,ninguna,ninguna,9.8,16.5,3.0,0.0,0,0,0,0,7,57,personal sin hacer nada
2024-05-03,2024,5,4,Viernes,0,853,0,,,0,1,0,ninguna,ninguna,11.4,20.4,2.3,0.0,0,0,0,0,3,114,personal ocupado
2024-05-04,2024,5,5,Sábado,1,854,0,,,0,0,0,ninguna,ninguna,15.8,25.0,6.7,0.0,0,0,0,0,8,130,personal ocupado
2024-05-05,2024,5,6,Domingo,1,855,0,,,0,0,0,ninguna,ninguna,16.4,20.1,12.6,3.8,0,0,0,0,7,148,personal ocupado
2024-05-08,2024,5,2,Miércoles,0,858,0,,,0,0,0,ninguna,ninguna,17.6,28.1,7.2,0.0,0,0,0,0,5,78,personal ocupado
2024-05-09,2024,5,3,Jueves,0,859,0,,,0,0,0,ninguna,ninguna,18.6,29.1,8.2,0.0,0,0,0,0,6,81,personal suficiente
2024-05-10,2024,5,4,Viernes,0,860,0,,,0,0,0,ninguna,ninguna,21.5,31.6,11.4,0.0,0,0,0,0,5,95,personal suficiente
2024-05-11,2024,5,5,Sábado,1,861,0,,,0,0,0,ninguna,ninguna,21.4,30.1,12.8,0.0,0,0,0,0,7,157,personal ocupado
2024-05-12,2024,5,6,Domingo,1,862,0,,,0,0,0,ninguna,ninguna,20.0,29.2,10.9,0.0,0,0,0,0,6,185,falta de personal
2024-05-15,2024,5,2,Miércoles,0,865,0,,,0,0,0,ninguna,ninguna,15.0,19.9,10.0,0.0,0,0,0,0,3,58,personal suficiente
2024-05-16,2024,5,3,Jueves,0,866,0,,,0,0,0,ninguna,ninguna,13.7,19.6,7.8,0.0,0,0,0,0,3,70,personal ocupado
2024-05-17,2024,5,4,Viernes,0,867,0,,,0,0,0,ninguna,ninguna,16.1,21.6,10.6,0.0,0,0,0,0,3,88,falta de personal
2024-05-18,2024,5,5,Sábado,1,868,0,,,0,0,0,ninguna,ninguna,15.7,24.0,7.4,0.0,0,0,0,0,7,275,falta de personal
2024-05-19,2024,5,6,Domingo,1,869,0,,,0,0,0,ninguna,ninguna,15.2,24.4,5.9,0.0,0,0,0,0,8,183,personal ocupado
2024-05-22,2024,5,2,Miércoles,0,872,0,,,0,0,0,ninguna,ninguna,15.4,23.4,7.5,0.0,0,0,0,0,5,54,personal sin hacer nada
2024-05-23,2024,5,3,Jueves,0,873,0,,,0,0,0,ninguna,ninguna,16.6,27.6,5.7,0.0,0,0,0,0,5,71,personal sin hacer nada
2024-05-24,2024,5,4,Viernes,0,874,0,,,0,0,0,ninguna,ninguna,20.6,29.5,11.8,0.0,0,0,0,0,3,118,personal ocupado
2024-05-25,2024,5,5,Sábado,1,875,0,,,0,0,0,ninguna,ninguna,19.8,30.7,9.0,0.0,0,0,0,0,8,142,personal suficiente
2024-05-26,2024,5,6,Domingo,1,876,0,,,0,0,0,ninguna,ninguna,19.8,31.4,8.1,0.0,0,0,0,0,6,145,falta de personal
2024-05-29,2024,5,2,Miércoles,0,879,0,,,0,0,0,ninguna,ninguna,24.2,35.6,12.9,0.0,0,0,0,0,5,57,personal suficiente
2024-05-30,2024,5,3,Jueves,0,880,0,,,0,0,0,ninguna,ninguna,26.1,36.0,16.2,0.0,0,0,0,0,3,69,personal suficiente
2024-05-31,2024,5,4,Viernes,0,881,0,,,0,0,0,ninguna,ninguna,23.2,31.8,14.7,0.0,0,0,0,0,5,117,personal ocupado
2024-06-01,2024,6,5,Sábado,1,882,0,,,0,0,0,ninguna,ninguna,20.6,28.9,12.2,0.0,0,0,0,0,6,167,falta de personal
2024-06-02,2024,6,6,Domingo,1,883,0,,,0,0,0,ninguna,ninguna,21.6,30.6,12.5,0.0,0,0,0,0,8,155,personal ocupado
2024-06-05,2024,6,2,Miércoles,0,886,0,,,0,0,0,ninguna,ninguna,25.2,35.3,15.2,0.0,0,0,0,0,4,70,personal ocupado
2024-06-06,2024,6,3,Jueves,0,887,0,,,0,0,0,ninguna,ninguna,26.1,36.9,15.3,0.6,0,0,0,0,4,64,personal suficiente
2024-06-07,2024,6,4,Viernes,0,888,0,,,0,0,0,ninguna,ninguna,27.8,35.8,19.7,0.0,0,0,0,0,5,94,personal ocupado
2024-06-08,2024,6,5,Sábado,1,889,0,,,0,0,0,ninguna,ninguna,20.8,25.1,16.6,6.2,0,0,0,0,7,157,personal ocupado
2024-06-09,2024,6,6,Domingo,1,890,0,,,0,0,0,ninguna,ninguna,20.5,25.6,15.4,7.0,0,0,0,0,7,131,personal ocupado
2024-06-12,2024,6,2,Miércoles,0,893,0,,,0,0,0,ninguna,ninguna,19.4,26.1,12.8,0.2,0,0,0,0,5,59,personal sin hacer nada
2024-06-13,2024,6,3,Jueves,0,894,0,,,0,0,0,ninguna,ninguna,21.0,30.2,11.8,0.0,0,0,0,0,4,83,personal suficiente
2024-06-14,2024,6,4,Viernes,0,895,0,,,0,0,0,ninguna,ninguna,22.0,32.0,12.1,0.0,0,0,0,0,5,187,personal ocupado
2024-06-15,2024,6,5,Sábado,1,896,0,,,0,0,0,ninguna,ninguna,23.0,30.7,15.4,0.0,0,0,0,0,7,217,falta de personal
2024-06-16,2024,6,6,Domingo,1,897,0,,,0,0,0,ninguna,ninguna,21.7,31.8,11.6,0.0,0,0,0,0,7,190,falta de personal
2024-06-19,2024,6,2,Miércoles,0,900,0,,,0,0,0,ninguna,ninguna,19.5,26.1,12.9,0.8,0,0,0,0,5,60,personal sin hacer nada
2024-06-20,2024,6,3,Jueves,0,901,0,,,0,0,0,ninguna,ninguna,19.2,25.1,13.4,0.0,0,0,0,0,5,75,personal suficiente
2024-06-21,2024,6,4,Viernes,0,902,0,,,0,0,0,ninguna,ninguna,21.4,31.1,11.7,0.0,0,0,0,0,3,123,falta de personal
2024-06-22,2024,6,5,Sábado,1,903,0,,,0,0,0,ninguna,ninguna,22.7,32.7,12.7,0.0,0,0,0,0,6,237,personal ocupado
2024-06-23,2024,6,6,Domingo,1,904,0,,,0,0,0,ninguna,ninguna,25.4,34.3,16.5,0.0,0,0,0,0,8,126,personal suficiente
2024-06-26,2024,6,2,Miércoles,0,907,0,,,0,0,0,ninguna,ninguna,26.4,32.0,20.8,0.2,0,0,0,0,6,66,personal sin hacer nada
2024-06-27,2024,6,3,Jueves,0,908,0,,,0,0,0,ninguna,ninguna,29.2,36.6,21.9,0.0,0,0,0,0,5,87,personal ocupado
2024-06-28,2024,6,4,Viernes,0,909,0,,,0,0,0,ninguna,ninguna,22.4,27.9,17.0,2.4,0,0,0,0,4,119,falta de personal
2024-06-29,2024,6,5,Sábado,1,910,0,,,0,0,0,ninguna,ninguna,20.6,25.3,16.0,0.2,0,0,0,0,6,199,personal ocupado
2024-06-30,2024,6,6,Domingo,1,911,0,,,0,0,0,ninguna,ninguna,22.8,29.1,16.4,0.0,0,0,0,0,6,204,falta de personal
2024-07-03,2024,7,2,Miércoles,0,914,0,,,0,0,0,ninguna,ninguna,25.4,36.8,14.1,0.0,0,0,0,0,6,78,personal sin hacer nada
2024-07-04,2024,7,3,Jueves,0,915,0,,,0,0,0,ninguna,ninguna,28.0,39.5,16.4,0.0,0,0,0,0,6,96,personal ocupado
2024-07-05,2024,7,4,Viernes,0,916,0,,,0,0,0,ninguna,ninguna,30.4,39.5,21.2,0.0,0,0,0,0,5,89,personal ocupado
2024-07-06,2024,7,5,Sábado,1,917,0,,,0,0,0,ninguna,ninguna,28.0,35.1,20.8,0.0,0,0,0,0,8,152,personal suficiente
2024-07-07,2024,7,6,Domingo,1,918,0,,,0,0,0,ninguna,ninguna,25.0,33.1,17.0,0.0,0,0,0,0,6,149,falta de personal
2024-07-10,2024,7,2,Miércoles,0,921,0,,,0,0,0,ninguna,ninguna,27.4,36.6,18.3,0.0,0,0,0,0,3,59,personal suficiente
2024-07-11,2024,7,3,Jueves,0,922,0,,,0,0,0,ninguna,ninguna,28.1,37.4,18.8,0.0,0,0,0,0,3,74,falta de personal
2024-07-12,2024,7,4,Viernes,0,923,0,,,0,0,0,ninguna,ninguna,26.8,35.5,18.1,0.0,0,0,0,0,3,148,falta de personal
2024-07-13,2024,7,5,Sábado,1,924,0,,,0,0,0,ninguna,ninguna,26.0,35.9,16.0,0.0,0,0,0,0,7,191,falta de personal
2024-07-14,2024,7,6,Domingo,1,925,0,,,0,0,0,ninguna,ninguna,25.6,34.6,16.6,0.0,0,0,0,0,7,162,personal ocupado
2024-07-17,2024,7,2,Miércoles,0,928,0,,,0,0,0,ninguna,ninguna,26.0,38.4,13.5,0.0,0,0,0,0,6,50,personal sin hacer nada
2024-07-18,2024,7,3,Jueves,0,929,0,,,0,0,0,ninguna,ninguna,28.0,36.5,19.5,0.0,0,0,0,0,6,71,personal sin hacer nada
2024-07-19,2024,7,4,Viernes,0,930,0,,,0,0,0,ninguna,ninguna,28.7,39.6,17.8,0.0,0,0,0,0,6,97,personal ocupado
2024-07-20,2024,7,5,Sábado,1,931,0,,,0,0,0,ninguna,ninguna,27.0,37.0,17.0,0.0,0,0,0,0,6,161,falta de personal
2024-07-21,2024,7,6,Domingo,1,932,0,,,0,0,0,ninguna,ninguna,27.6,35.6,19.5,0.0,0,0,0,0,7,143,personal suficiente
2024-07-24,2024,7,2,Miércoles,0,935,0,,,0,0,0,ninguna,ninguna,32.0,42.1,21.9,0.0,0,0,0,0,6,48,personal sin hacer nada
2024-07-25,2024,7,3,Jueves,0,936,0,,,0,0,0,ninguna,ninguna,32.4,42.5,22.4,0.0,0,0,0,0,6,93,personal ocupado
2024-07-26,2024,7,4,Viernes,0,937,0,,,0,0,0,ninguna,ninguna,31.6,39.9,23.2,0.0,0,0,0,0,6,120,personal suficiente
2024-07-27,2024,7,5,Sábado,1,938,0,,,0,0,0,ninguna,ninguna,31.4,39.7,23.0,0.0,0,0,0,0,8,243,personal ocupado
2024-07-28,2024,7,6,Domingo,1,939,0,,,0,0,0,ninguna,ninguna,32.1,40.4,23.8,0.0,0,0,0,0,7,176,falta de personal
2024-07-31,2024,7,2,Miércoles,0,942,0,,,0,0,0,ninguna,ninguna,29.2,38.9,19.6,0.0,0,0,0,0,4,57,personal sin hacer nada
2024-09-01,2024,9,6,Domingo,1,974,0,,,0,0,0,ninguna,ninguna,25.8,31.4,20.3,0.2,0,0,0,0,8,135,personal ocupado
2024-09-04,2024,9,2,Miércoles,0,977,0,,,0,0,0,ninguna,ninguna,23.0,28.5,17.6,0.0,0,0,0,0,6,65,personal sin hacer nada
2024-09-05,2024,9,3,Jueves,0,978,0,,,0,0,0,ninguna,ninguna,21.4,28.5,14.2,0.0,0,0,0,0,6,76,personal sin hacer nada
2024-09-06,2024,9,4,Viernes,0,979,0,,,0,0,0,ninguna,ninguna,21.2,27.8,14.7,0.0,0,0,0,0,6,153,falta de personal
2024-09-07,2024,9,5,Sábado,1,980,0,,,1,0,0,ninguna,ninguna,18.6,27.5,9.7,0.0,0,0,0,0,6,226,falta de personal
2024-09-08,2024,9,6,Domingo,1,981,1,Virgen de la Soledad (fiesta local),local,1,0,0,ninguna,ninguna,20.0,28.7,11.3,0.0,0,0,0,0,8,159,personal ocupado
2024-09-09,2024,9,0,Lunes,0,982,1,Fiesta local de Arganda del Rey,local,0,0,0,ninguna,ninguna,21.8,31.1,12.4,0.0,0,0,0,0,6,52,personal sin hacer nada
2024-09-11,2024,9,2,Miércoles,0,984,0,,,0,0,0,ninguna,ninguna,22.8,32.4,13.3,0.0,0,0,0,0,3,42,personal sin hacer nada
2024-09-12,2024,9,3,Jueves,0,985,0,,,0,0,0,ninguna,ninguna,22.3,30.5,14.1,0.0,0,0,0,0,6,82,personal sin hacer nada
2024-09-13,2024,9,4,Viernes,0,986,0,,,0,0,0,ninguna,ninguna,19.2,25.3,13.0,0.0,0,0,0,0,6,104,personal ocupado
2024-09-14,2024,9,5,Sábado,1,987,0,,,0,0,0,ninguna,ninguna,20.8,29.8,11.8,0.0,0,0,0,0,6,141,personal ocupado
2024-09-15,2024,9,6,Domingo,1,988,0,,,0,0,0,ninguna,ninguna,21.7,32.9,10.5,0.0,0,0,0,0,8,129,personal ocupado
2024-09-18,2024,9,2,Miércoles,0,991,0,,,0,0,0,ninguna,ninguna,21.8,29.1,14.4,0.0,0,0,0,0,4,44,personal sin hacer nada
2024-09-19,2024,9,3,Jueves,0,992,0,,,0,0,0,ninguna,ninguna,20.2,25.3,15.1,16.6,0,0,0,0,5,43,personal suficiente
2024-09-20,2024,9,4,Viernes,0,993,0,,,0,0,0,ninguna,ninguna,18.9,23.3,14.5,1.2,0,0,0,0,5,114,personal suficiente
2024-09-21,2024,9,5,Sábado,1,994,0,,,0,0,0,ninguna,ninguna,20.4,23.9,16.8,0.2,0,0,0,0,8,148,personal ocupado
2024-09-22,2024,9,6,Domingo,1,995,0,,,0,0,0,ninguna,ninguna,19.1,25.3,12.9,0.0,0,0,0,0,7,115,personal ocupado
2024-09-25,2024,9,2,Miércoles,0,998,0,,,0,0,0,ninguna,ninguna,20.6,25.2,16.1,0.0,0,0,0,0,3,69,personal ocupado
2024-09-26,2024,9,3,Jueves,0,999,0,,,0,0,0,ninguna,ninguna,20.0,23.7,16.3,0.0,0,0,0,0,3,72,falta de personal
2024-09-27,2024,9,4,Viernes,0,1000,0,,,0,0,0,ninguna,ninguna,18.2,23.4,12.9,0.0,0,0,0,0,3,83,personal ocupado
2024-09-28,2024,9,5,Sábado,1,1001,0,,,0,0,0,ninguna,ninguna,15.6,23.5,7.6,0.0,0,0,0,0,6,169,personal ocupado
2024-09-29,2024,9,6,Domingo,1,1002,0,,,0,0,0,ninguna,ninguna,16.6,26.5,6.8,0.0,0,0,0,0,6,125,personal ocupado
2024-10-02,2024,10,2,Miércoles,0,1005,0,,,0,0,0,ninguna,ninguna,20.4,26.1,14.8,0.2,0,0,0,0,5,74,personal sin hacer nada
2024-10-03,2024,10,3,Jueves,0,1006,0,,,0,0,0,ninguna,ninguna,20.0,27.3,12.6,0.0,0,0,0,0,5,84,personal ocupado
2024-10-04,2024,10,4,Viernes,0,1007,0,,,0,0,0,ninguna,ninguna,18.6,26.8,10.5,0.0,0,0,0,0,4,136,personal ocupado
2024-10-05,2024,10,5,Sábado,1,1008,0,,,0,0,0,ninguna,ninguna,18.6,27.2,9.9,0.0,0,0,0,0,6,148,personal ocupado
2024-10-06,2024,10,6,Domingo,1,1009,0,,,0,0,0,ninguna,ninguna,20.4,25.0,15.9,0.0,0,0,0,0,8,159,personal ocupado
2024-10-09,2024,10,2,Miércoles,0,1012,0,,,0,0,0,ninguna,ninguna,17.6,21.3,14.0,4.4,0,0,0,0,6,42,personal sin hacer nada
2024-10-10,2024,10,3,Jueves,0,1013,0,,,0,0,0,ninguna,ninguna,15.2,21.1,9.4,0.2,0,0,0,0,3,70,personal suficiente
2024-10-11,2024,10,4,Viernes,0,1014,0,,,1,0,0,ninguna,ninguna,13.6,20.6,6.6,15.0,0,0,0,0,4,84,personal ocupado
2024-10-12,2024,10,5,Sábado,1,1015,1,Fiesta Nacional de España,nacional,0,0,0,ninguna,ninguna,15.6,18.2,13.0,4.8,0,0,0,0,8,147,personal ocupado
2024-10-13,2024,10,6,Domingo,1,1016,0,,,0,0,0,ninguna,ninguna,18.1,24.1,12.1,0.0,0,0,0,0,6,149,personal ocupado
2024-10-16,2024,10,2,Miércoles,0,1019,0,,,0,0,0,ninguna,ninguna,18.4,22.7,14.2,8.4,0,0,0,0,3,38,personal sin hacer nada
2024-10-17,2024,10,3,Jueves,0,1020,0,,,0,0,0,ninguna,ninguna,15.0,18.6,11.3,1.6,0,0,0,0,3,90,falta de personal
2024-10-18,2024,10,4,Viernes,0,1021,0,,,0,0,0,ninguna,ninguna,13.2,20.0,6.5,0.0,0,0,0,0,4,129,personal ocupado
2024-10-19,2024,10,5,Sábado,1,1022,0,,,0,0,0,ninguna,ninguna,16.6,22.2,11.1,0.0,0,0,0,0,8,146,personal ocupado
2024-10-20,2024,10,6,Domingo,1,1023,0,,,0,0,0,ninguna,ninguna,16.9,23.6,10.2,0.0,0,0,0,0,6,129,personal suficiente
2024-10-23,2024,10,2,Miércoles,0,1026,0,,,0,0,0,ninguna,ninguna,16.9,22.5,11.3,0.0,0,0,0,0,3,57,personal ocupado
2024-10-24,2024,10,3,Jueves,0,1027,0,,,0,0,0,ninguna,ninguna,18.4,23.1,13.6,0.0,0,0,0,0,6,64,personal sin hacer nada
2024-10-25,2024,10,4,Viernes,0,1028,0,,,0,0,0,ninguna,ninguna,13.2,18.4,7.9,0.0,0,0,0,0,5,106,personal ocupado
2024-10-26,2024,10,5,Sábado,1,1029,0,,,0,0,0,ninguna,ninguna,10.0,14.4,5.5,0.2,0,0,0,0,6,148,falta de personal
2024-10-27,2024,10,6,Domingo,1,1030,0,,,0,0,0,ninguna,ninguna,10.0,14.8,5.3,1.2,0,0,0,0,7,153,personal suficiente
2024-10-30,2024,10,2,Miércoles,0,1033,0,,,0,0,0,ninguna,ninguna,15.4,20.8,10.0,0.0,0,0,0,0,5,66,personal sin hacer nada
2024-10-31,2024,10,3,Jueves,0,1034,0,,,1,0,0,ninguna,ninguna,15.8,22.8,8.9,1.4,0,0,0,0,4,80,personal suficiente
2024-11-01,2024,11,4,Viernes,0,1035,1,Todos los Santos,nacional,0,0,0,ninguna,ninguna,16.8,20.4,13.2,0.2,0,0,0,0,5,132,falta de personal
2024-11-02,2024,11,5,Sábado,1,1036,0,,,0,0,0,ninguna,ninguna,15.2,19.3,11.1,0.0,0,0,0,0,6,156,falta de personal
2024-11-03,2024,11,6,Domingo,1,1037,0,,,0,0,0,ninguna,ninguna,15.1,21.0,9.2,0.0,0,0,0,0,6,112,personal suficiente
2024-11-06,2024,11,2,Miércoles,0,1040,0,,,0,0,0,ninguna,ninguna,15.4,22.4,8.3,0.0,0,0,0,0,5,51,personal sin hacer nada
2024-11-07,2024,11,3,Jueves,0,1041,0,,,0,0,0,ninguna,ninguna,14.6,21.4,7.8,0.0,0,0,0,0,3,90,personal ocupado
2024-11-08,2024,11,4,Viernes,0,1042,0,,,0,0,0,ninguna,ninguna,13.4,18.9,7.8,0.0,0,0,0,0,4,134,personal ocupado
2024-11-09,2024,11,5,Sábado,1,1043,0,,,0,0,0,ninguna,ninguna,13.4,20.0,6.8,0.0,0,0,0,0,7,165,personal ocupado
2024-11-10,2024,11,6,Domingo,1,1044,0,,,0,0,0,ninguna,ninguna,11.2,18.1,4.4,0.0,0,0,0,0,7,103,personal sin hacer nada
2024-11-13,2024,11,2,Miércoles,0,1047,0,,,0,0,0,ninguna,ninguna,8.0,11.3,4.6,0.0,0,0,0,0,6,50,personal sin hacer nada
2024-11-14,2024,11,3,Jueves,0,1048,0,,,0,0,0,ninguna,ninguna,12.3,18.0,6.6,0.0,0,0,0,0,5,71,personal sin hacer nada
2024-11-15,2024,11,4,Viernes,0,1049,0,,,0,0,0,ninguna,ninguna,13.6,17.9,9.3,0.0,0,0,0,0,4,137,personal ocupado
2024-11-16,2024,11,5,Sábado,1,1050,0,,,0,0,0,ninguna,ninguna,11.7,16.4,7.0,0.0,0,0,0,0,6,174,personal ocupado
2024-11-17,2024,11,6,Domingo,1,1051,0,,,0,0,0,ninguna,ninguna,13.3,21.4,5.2,0.0,0,0,0,0,6,105,personal suficiente
2024-11-20,2024,11,2,Miércoles,0,1054,0,,,0,0,0,ninguna,ninguna,13.5,18.8,8.2,0.0,0,0,0,0,3,60,personal ocupado
2024-11-21,2024,11,3,Jueves,0,1055,0,,,0,0,0,ninguna,ninguna,10.6,14.7,6.5,0.0,0,0,0,0,3,68,personal suficiente
2024-11-22,2024,11,4,Viernes,0,1056,0,,,0,0,0,ninguna,ninguna,13.3,17.1,9.5,0.0,0,0,0,0,4,139,personal ocupado
2024-11-23,2024,11,5,Sábado,1,1057,0,,,0,0,0,ninguna,ninguna,12.2,17.2,7.3,0.0,0,0,0,0,6,111,personal ocupado
2024-11-24,2024,11,6,Domingo,1,1058,0,,,0,0,0,ninguna,ninguna,12.8,18.1,7.4,0.0,0,0,0,0,7,118,personal ocupado
2024-11-27,2024,11,2,Miércoles,0,1061,0,,,0,0,0,ninguna,ninguna,8.5,16.4,0.6,0.0,0,0,0,0,5,40,personal sin hacer nada
2024-11-28,2024,11,3,Jueves,0,1062,0,,,0,0,0,ninguna,ninguna,8.4,17.2,-0.3,0.0,0,0,0,0,5,64,personal sin hacer nada
2024-11-29,2024,11,4,Viernes,0,1063,0,,,0,0,0,ninguna,ninguna,10.1,17.9,2.3,0.0,0,0,0,0,5,84,personal suficiente
2024-11-30,2024,11,5,Sábado,1,1064,0,,,0,0,0,ninguna,ninguna,10.7,18.4,3.0,0.0,0,0,0,0,8,241,falta de personal
2024-12-01,2024,12,6,Domingo,1,1065,0,,,0,0,0,ninguna,ninguna,10.0,17.1,3.0,0.0,0,0,0,0,8,144,personal ocupado
2024-12-04,2024,12,2,Miércoles,0,1068,0,,,0,0,0,ninguna,ninguna,9.0,15.7,2.4,0.0,0,0,0,0,6,56,personal sin hacer nada
2024-12-05,2024,12,3,Jueves,0,1069,0,,,1,0,0,ninguna,ninguna,8.8,15.4,2.2,0.0,0,0,0,0,6,93,personal suficiente
2024-12-06,2024,12,4,Viernes,0,1070,1,Día de la Constitución,nacional,0,0,0,ninguna,ninguna,10.1,17.3,2.9,0.0,0,0,0,0,5,142,falta de personal
2024-12-07,2024,12,5,Sábado,1,1071,0,,,1,0,0,ninguna,ninguna,10.6,18.7,2.6,0.0,0,0,0,0,8,155,personal suficiente
2024-12-08,2024,12,6,Domingo,1,1072,1,Inmaculada Concepción,nacional,0,0,0,ninguna,ninguna,6.0,12.7,-0.6,0.0,0,0,0,0,6,98,personal suficiente
2024-12-11,2024,12,2,Miércoles,0,1075,0,,,0,0,0,ninguna,ninguna,6.9,10.9,2.9,0.0,0,0,0,0,3,70,personal ocupado
2024-12-12,2024,12,3,Jueves,0,1076,0,,,0,0,0,ninguna,ninguna,5.3,11.6,-1.0,0.2,0,0,0,0,3,72,falta de personal
2024-12-13,2024,12,4,Viernes,0,1077,0,,,0,0,0,ninguna,ninguna,5.0,9.7,0.3,0.4,0,0,0,0,3,112,personal ocupado
2024-12-14,2024,12,5,Sábado,1,1078,0,,,0,0,0,ninguna,ninguna,3.8,10.4,-2.7,0.2,0,0,0,0,7,155,personal ocupado
2024-12-15,2024,12,6,Domingo,1,1079,0,,,0,0,0,ninguna,ninguna,3.6,12.6,-5.3,0.0,0,0,0,0,7,102,personal sin hacer nada
2024-12-18,2024,12,2,Miércoles,0,1082,0,,,0,0,0,ninguna,ninguna,6.0,13.5,-1.4,0.0,0,0,0,0,6,48,personal suficiente
2024-12-19,2024,12,3,Jueves,0,1083,0,,,0,0,0,ninguna,ninguna,9.2,16.0,2.5,0.8,0,0,0,0,6,86,personal sin hacer nada
2024-12-20,2024,12,4,Viernes,0,1084,0,,,0,0,0,ninguna,ninguna,4.7,12.3,-2.9,0.0,0,0,0,0,5,86,personal ocupado
2024-12-21,2024,12,5,Sábado,1,1085,0,,,0,0,0,ninguna,ninguna,4.6,13.3,-4.0,0.0,0,0,0,0,8,145,personal ocupado
2024-12-22,2024,12,6,Domingo,1,1086,0,,,0,0,0,ninguna,ninguna,5.2,13.7,-3.3,0.0,0,0,0,0,7,114,personal ocupado
2024-12-26,2024,12,3,Jueves,0,1090,0,,,0,0,0,ninguna,ninguna,6.8,14.3,-0.7,0.0,0,0,0,0,5,80,personal ocupado
2024-12-27,2024,12,4,Viernes,0,1091,0,,,0,0,0,ninguna,ninguna,7.2,14.3,0.0,0.0,0,0,0,0,5,99,personal ocupado
2024-12-28,2024,12,5,Sábado,1,1092,0,,,0,0,0,ninguna,ninguna,5.4,12.6,-1.8,0.0,0,0,0,0,8,149,personal ocupado
2024-12-29,2024,12,6,Domingo,1,1093,0,,,0,0,0,ninguna,ninguna,5.3,14.1,-3.5,0.0,0,0,0,0,7,135,personal suficiente
